promotion_id,offer_id,start_day,end_day,minimum_spend,discount_pct,discount_cap,seller_funded_pct,platform_funded_pct,stackable,ground_truth_event,is_synthetic
PROMO-0001-1,vn:100501:1000100,32,38,29800,9,7500,60,40,False,promotion_pulse,True
PROMO-0001-2,vn:100502:1000101,35,41,61900,10,15500,60,40,False,promotion_pulse,True
PROMO-0001-3,vn:100503:1000102,38,44,128100,11,32000,60,40,False,promotion_pulse,True
PROMO-0002-1,vn:100601:1000200,39,46,44600,10,11200,60,40,False,promotion_pulse,True
PROMO-0002-2,vn:100602:1000201,42,49,92600,11,23100,60,40,False,promotion_pulse,True
PROMO-0002-3,vn:100603:1000202,45,52,23900,12,6000,60,40,False,promotion_pulse,True
PROMO-0003-1,vn:100301:1000300,46,54,86000,11,21500,60,40,False,promotion_pulse,True
PROMO-0003-2,vn:100302:1000301,49,57,22300,12,5600,60,40,False,promotion_pulse,True
PROMO-0003-3,vn:100303:1000302,52,60,23000,13,5800,60,40,False,promotion_pulse,True
PROMO-0004-1,vn:100301:1000400,53,62,30900,12,7700,60,40,False,promotion_pulse,True
PROMO-0004-2,vn:100302:1000401,56,65,32000,13,8000,60,40,False,promotion_pulse,True
PROMO-0004-3,vn:100303:1000402,59,68,66200,14,16600,60,40,False,promotion_pulse,True
PROMO-0005-1,vn:100601:1000500,60,70,25900,13,6500,60,40,False,promotion_pulse,True
PROMO-0005-2,vn:100602:1000501,63,73,53800,14,13500,60,40,False,promotion_pulse,True
PROMO-0005-3,vn:100603:1000502,66,76,111400,15,27900,60,40,False,promotion_pulse,True
PROMO-0006-1,vn:100301:1000600,67,78,81900,14,20500,60,40,False,promotion_pulse,True
PROMO-0006-2,vn:100302:1000601,70,81,169800,15,42400,60,40,False,promotion_pulse,True
PROMO-0006-3,vn:100303:1000602,73,84,43900,16,11000,60,40,False,promotion_pulse,True
PROMO-0007-1,vn:100001:1000700,74,86,109400,15,27300,60,40,False,promotion_pulse,True
PROMO-0007-2,vn:100002:1000701,77,89,28300,16,7100,60,40,False,promotion_pulse,True
PROMO-0007-3,vn:100003:1000702,80,92,29400,17,7300,60,40,False,promotion_pulse,True
PROMO-0008-1,vn:100001:1000800,81,94,28000,16,7000,60,40,False,promotion_pulse,True
PROMO-0008-2,vn:100002:1000801,84,97,29000,17,7300,60,40,False,promotion_pulse,True
PROMO-0008-3,vn:100003:1000802,87,100,60200,18,15000,60,40,False,promotion_pulse,True
PROMO-0009-1,vn:100601:1000900,88,93,29100,17,7300,60,40,False,promotion_pulse,True
PROMO-0009-2,vn:100602:1000901,91,96,60300,18,15100,60,40,False,promotion_pulse,True
PROMO-0009-3,vn:100603:1000902,94,99,125000,19,31200,60,40,False,promotion_pulse,True
PROMO-0010-1,vn:100501:1001000,95,101,78400,18,19600,60,40,False,promotion_pulse,True
PROMO-0010-2,vn:100502:1001001,98,104,162600,19,40600,60,40,False,promotion_pulse,True
PROMO-0010-3,vn:100503:1001002,101,107,42100,20,10500,60,40,False,promotion_pulse,True
PROMO-0011-1,vn:100601:1001100,102,109,90000,19,22500,60,40,False,promotion_pulse,True
PROMO-0011-2,vn:100602:1001101,105,112,23400,20,5800,60,40,False,promotion_pulse,True
PROMO-0011-3,vn:100603:1001102,108,115,24200,21,6000,60,40,False,promotion_pulse,True
PROMO-0012-1,vn:100601:1001200,109,117,25800,20,6500,60,40,False,promotion_pulse,True
PROMO-0012-2,vn:100602:1001201,27,35,26700,21,6700,60,40,False,promotion_pulse,True
PROMO-0012-3,vn:100603:1001202,30,38,55400,22,13800,60,40,False,promotion_pulse,True
PROMO-0013-1,vn:100001:1001300,31,40,31700,21,7900,60,40,False,promotion_pulse,True
PROMO-0013-2,vn:100002:1001301,34,43,65800,22,16400,60,40,False,promotion_pulse,True
PROMO-0013-3,vn:100003:1001302,37,46,136200,23,34000,60,40,False,promotion_pulse,True
PROMO-0014-1,vn:100601:1001400,38,48,46000,22,11500,60,40,False,promotion_pulse,True
PROMO-0014-2,vn:100602:1001401,41,51,95400,23,23800,60,40,False,promotion_pulse,True
PROMO-0014-3,vn:100603:1001402,44,54,24700,24,6200,60,40,False,promotion_pulse,True
PROMO-0015-1,id:900201:2001500,45,56,58400,23,14600,60,40,False,promotion_pulse,True
PROMO-0015-2,id:900202:2001501,48,59,15100,24,3800,60,40,False,promotion_pulse,True
PROMO-0015-3,id:900203:2001502,51,62,15700,25,3900,60,40,False,promotion_pulse,True
PROMO-0016-1,vn:100601:1001600,52,64,24000,24,6000,60,40,False,promotion_pulse,True
PROMO-0016-2,vn:100602:1001601,55,67,24900,25,6200,60,40,False,promotion_pulse,True
PROMO-0016-3,vn:100603:1001602,58,70,51500,8,12900,60,40,False,promotion_pulse,True
PROMO-0017-1,vn:100601:1001700,59,72,24400,25,6100,60,40,False,promotion_pulse,True
PROMO-0017-2,vn:100602:1001701,62,75,50500,8,12600,60,40,False,promotion_pulse,True
PROMO-0017-3,vn:100603:1001702,65,78,104600,9,26100,60,40,False,promotion_pulse,True
PROMO-0018-1,id:900701:2001800,66,71,29200,8,7300,60,40,False,promotion_pulse,True
PROMO-0018-2,id:900702:2001801,69,74,60500,9,15100,60,40,False,promotion_pulse,True
PROMO-0018-3,id:900703:2001802,72,77,15700,10,3900,60,40,False,promotion_pulse,True
PROMO-0019-1,vn:100501:1001900,73,79,151300,9,37800,60,40,False,promotion_pulse,True
PROMO-0019-2,vn:100502:1001901,76,82,39200,10,9800,60,40,False,promotion_pulse,True
PROMO-0019-3,vn:100503:1001902,79,85,40600,11,10100,60,40,False,promotion_pulse,True
PROMO-0020-1,vn:100601:1002000,80,87,24800,10,6200,60,40,False,promotion_pulse,True
PROMO-0020-2,vn:100602:1002001,83,90,25700,11,6400,60,40,False,promotion_pulse,True
PROMO-0020-3,vn:100603:1002002,86,93,53200,12,13300,60,40,False,promotion_pulse,True
PROMO-0021-1,id:900201:2002100,87,95,17800,11,4500,60,40,False,promotion_pulse,True
PROMO-0021-2,id:900202:2002101,90,98,37000,12,9200,60,40,False,promotion_pulse,True
PROMO-0021-3,id:900203:2002102,93,101,76500,13,19100,60,40,False,promotion_pulse,True
PROMO-0022-1,vn:100301:1002200,94,103,38900,12,9700,60,40,False,promotion_pulse,True
PROMO-0022-2,vn:100302:1002201,97,106,80600,13,20100,60,40,False,promotion_pulse,True
PROMO-0022-3,vn:100303:1002202,100,109,20900,14,5200,60,40,False,promotion_pulse,True
PROMO-0023-1,vn:100401:1002300,101,111,112300,13,28100,60,40,False,promotion_pulse,True
PROMO-0023-2,vn:100402:1002301,104,114,29100,14,7300,60,40,False,promotion_pulse,True
PROMO-0023-3,vn:100403:1002302,107,117,30200,15,7500,60,40,False,promotion_pulse,True
PROMO-0024-1,vn:100401:1002400,108,119,23200,14,5800,60,40,False,promotion_pulse,True
PROMO-0024-2,vn:100402:1002401,26,37,24100,15,6000,60,40,False,promotion_pulse,True
PROMO-0024-3,vn:100403:1002402,29,40,49800,16,12500,60,40,False,promotion_pulse,True
PROMO-0025-1,vn:100501:1002500,30,42,22000,15,5500,60,40,False,promotion_pulse,True
PROMO-0025-2,vn:100502:1002501,33,45,45700,16,11400,60,40,False,promotion_pulse,True
PROMO-0025-3,vn:100503:1002502,36,48,94600,17,23600,60,40,False,promotion_pulse,True
PROMO-0026-1,vn:100501:1002600,37,50,52900,16,13200,60,40,False,promotion_pulse,True
PROMO-0026-2,vn:100502:1002601,40,53,109600,17,27400,60,40,False,promotion_pulse,True
PROMO-0026-3,vn:100503:1002602,43,56,28400,18,7100,60,40,False,promotion_pulse,True
PROMO-0027-1,vn:100601:1002700,44,49,91900,17,23000,60,40,False,promotion_pulse,True
PROMO-0027-2,vn:100602:1002701,47,52,23800,18,6000,60,40,False,promotion_pulse,True
PROMO-0027-3,vn:100603:1002702,50,55,24600,19,6200,60,40,False,promotion_pulse,True
PROMO-0028-1,vn:100601:1002800,51,57,29300,18,7300,60,40,False,promotion_pulse,True
PROMO-0028-2,vn:100602:1002801,54,60,30300,19,7600,60,40,False,promotion_pulse,True
PROMO-0028-3,vn:100603:1002802,57,63,62800,20,15700,60,40,False,promotion_pulse,True
PROMO-0029-1,vn:100601:1002900,58,65,17300,19,4300,60,40,False,promotion_pulse,True
PROMO-0029-2,vn:100602:1002901,61,68,35800,20,9000,60,40,False,promotion_pulse,True
PROMO-0029-3,vn:100603:1002902,64,71,74200,21,18500,60,40,False,promotion_pulse,True
PROMO-0030-1,vn:100001:1003000,65,73,79600,20,19900,60,40,False,promotion_pulse,True
PROMO-0030-2,vn:100002:1003001,68,76,165000,21,41200,60,40,False,promotion_pulse,True
PROMO-0030-3,vn:100003:1003002,71,79,42700,22,10700,60,40,False,promotion_pulse,True
PROMO-0031-1,id:900201:2003100,72,81,49800,21,12400,60,40,False,promotion_pulse,True
PROMO-0031-2,id:900202:2003101,75,84,12900,22,3200,60,40,False,promotion_pulse,True
PROMO-0031-3,id:900203:2003102,78,87,13400,23,3300,60,40,False,promotion_pulse,True
PROMO-0032-1,id:900201:2003200,79,89,17800,22,4500,60,40,False,promotion_pulse,True
PROMO-0032-2,id:900202:2003201,82,92,18500,23,4600,60,40,False,promotion_pulse,True
PROMO-0032-3,id:900203:2003202,85,95,38200,24,9600,60,40,False,promotion_pulse,True
PROMO-0033-1,vn:100401:1003300,86,97,33000,23,8200,60,40,False,promotion_pulse,True
PROMO-0033-2,vn:100402:1003301,89,100,68300,24,17100,60,40,False,promotion_pulse,True
PROMO-0033-3,vn:100403:1003302,92,103,141400,25,35300,60,40,False,promotion_pulse,True
PROMO-0034-1,vn:100601:1003400,93,105,38600,24,9600,60,40,False,promotion_pulse,True
PROMO-0034-2,vn:100602:1003401,96,108,79900,25,20000,60,40,False,promotion_pulse,True
PROMO-0034-3,vn:100603:1003402,99,111,20700,8,5200,60,40,False,promotion_pulse,True
PROMO-0035-1,vn:100301:1003500,100,113,93400,25,23400,60,40,False,promotion_pulse,True
PROMO-0035-2,vn:100302:1003501,103,116,24200,8,6100,60,40,False,promotion_pulse,True
PROMO-0035-3,vn:100303:1003502,106,119,25000,9,6300,60,40,False,promotion_pulse,True
PROMO-0036-1,vn:100601:1003600,107,112,22600,8,5700,60,40,False,promotion_pulse,True
PROMO-0036-2,vn:100602:1003601,25,30,23400,9,5900,60,40,False,promotion_pulse,True
PROMO-0036-3,vn:100603:1003602,28,33,48600,10,12100,60,40,False,promotion_pulse,True
PROMO-0037-1,id:900101:2003700,29,35,14600,9,3600,60,40,False,promotion_pulse,True
PROMO-0037-2,id:900102:2003701,32,38,30200,10,7600,60,40,False,promotion_pulse,True
PROMO-0037-3,id:900103:2003702,35,41,62600,11,15700,60,40,False,promotion_pulse,True
PROMO-0038-1,id:900101:2003800,36,43,35600,10,8900,60,40,False,promotion_pulse,True
PROMO-0038-2,id:900102:2003801,39,46,73800,11,18500,60,40,False,promotion_pulse,True
PROMO-0038-3,id:900103:2003802,42,49,19100,12,4800,60,40,False,promotion_pulse,True
PROMO-0039-1,vn:100501:1003900,43,51,182300,11,45600,60,40,False,promotion_pulse,True
PROMO-0039-2,vn:100502:1003901,46,54,47300,12,11800,60,40,False,promotion_pulse,True
PROMO-0039-3,vn:100503:1003902,49,57,48900,13,12200,60,40,False,promotion_pulse,True
PROMO-0040-1,vn:100601:1004000,50,59,35200,12,8800,60,40,False,promotion_pulse,True
PROMO-0040-2,vn:100602:1004001,53,62,36500,13,9100,60,40,False,promotion_pulse,True
PROMO-0040-3,vn:100603:1004002,56,65,75400,14,18900,60,40,False,promotion_pulse,True
PROMO-0041-1,id:900701:2004100,57,67,14600,13,3600,60,40,False,promotion_pulse,True
PROMO-0041-2,id:900702:2004101,60,70,30200,14,7600,60,40,False,promotion_pulse,True
PROMO-0041-3,id:900703:2004102,63,73,62600,15,15700,60,40,False,promotion_pulse,True
PROMO-0042-1,id:900201:2004200,64,75,22100,14,5500,60,40,False,promotion_pulse,True
PROMO-0042-2,id:900202:2004201,67,78,45800,15,11400,60,40,False,promotion_pulse,True
PROMO-0042-3,id:900203:2004202,70,81,11800,16,3000,60,40,False,promotion_pulse,True
PROMO-0043-1,vn:100501:1004300,71,83,174100,15,43500,60,40,False,promotion_pulse,True
PROMO-0043-2,vn:100502:1004301,74,86,45100,16,11300,60,40,False,promotion_pulse,True
PROMO-0043-3,vn:100503:1004302,77,89,46700,17,11700,60,40,False,promotion_pulse,True
PROMO-0044-1,id:900701:2004400,78,91,17800,16,4500,60,40,False,promotion_pulse,True
PROMO-0044-2,id:900702:2004401,81,94,18500,17,4600,60,40,False,promotion_pulse,True
PROMO-0044-3,id:900703:2004402,84,97,38200,18,9600,60,40,False,promotion_pulse,True
PROMO-0045-1,vn:100401:1004500,85,90,33600,17,8400,60,40,False,promotion_pulse,True
PROMO-0045-2,vn:100402:1004501,88,93,69800,18,17400,60,40,False,promotion_pulse,True
PROMO-0045-3,vn:100403:1004502,91,96,144400,19,36100,60,40,False,promotion_pulse,True
PROMO-0046-1,vn:100601:1004600,92,98,44600,18,11200,60,40,False,promotion_pulse,True
PROMO-0046-2,vn:100602:1004601,95,101,92600,19,23100,60,40,False,promotion_pulse,True
PROMO-0046-3,vn:100603:1004602,98,104,23900,20,6000,60,40,False,promotion_pulse,True
PROMO-0047-1,vn:100601:1004700,99,106,86400,19,21600,60,40,False,promotion_pulse,True
PROMO-0047-2,vn:100602:1004701,102,109,22400,20,5600,60,40,False,promotion_pulse,True
PROMO-0047-3,vn:100603:1004702,105,112,23200,21,5800,60,40,False,promotion_pulse,True
PROMO-0048-1,vn:100001:1004800,106,114,33100,20,8300,60,40,False,promotion_pulse,True
PROMO-0048-2,vn:100002:1004801,109,117,34300,21,8600,60,40,False,promotion_pulse,True
PROMO-0048-3,vn:100003:1004802,27,35,71000,22,17800,60,40,False,promotion_pulse,True
PROMO-0049-1,vn:100301:1004900,28,37,33800,21,8400,60,40,False,promotion_pulse,True
PROMO-0049-2,vn:100302:1004901,31,40,70100,22,17500,60,40,False,promotion_pulse,True
PROMO-0049-3,vn:100303:1004902,34,43,145000,23,36300,60,40,False,promotion_pulse,True
PROMO-0050-1,vn:100601:1005000,35,45,42900,22,10700,60,40,False,promotion_pulse,True
PROMO-0050-2,vn:100602:1005001,38,48,88800,23,22200,60,40,False,promotion_pulse,True
PROMO-0050-3,vn:100603:1005002,41,51,23000,24,5700,60,40,False,promotion_pulse,True
PROMO-0051-1,id:900201:2005100,42,53,49800,23,12400,60,40,False,promotion_pulse,True
PROMO-0051-2,id:900202:2005101,45,56,12900,24,3200,60,40,False,promotion_pulse,True
PROMO-0051-3,id:900203:2005102,48,59,13400,25,3300,60,40,False,promotion_pulse,True
PROMO-0052-1,id:900101:2005200,49,61,17800,24,4500,60,40,False,promotion_pulse,True
PROMO-0052-2,id:900102:2005201,52,64,18500,25,4600,60,40,False,promotion_pulse,True
PROMO-0052-3,id:900103:2005202,55,67,38200,8,9600,60,40,False,promotion_pulse,True
PROMO-0053-1,id:900101:2005300,56,69,20000,25,5000,60,40,False,promotion_pulse,True
PROMO-0053-2,id:900102:2005301,59,72,41400,8,10300,60,40,False,promotion_pulse,True
PROMO-0053-3,id:900103:2005302,62,75,85700,9,21400,60,40,False,promotion_pulse,True
PROMO-0054-1,vn:100001:1005400,63,68,82300,8,20600,60,40,False,promotion_pulse,True
PROMO-0054-2,vn:100002:1005401,66,71,170600,9,42700,60,40,False,promotion_pulse,True
PROMO-0054-3,vn:100003:1005402,69,74,44200,10,11000,60,40,False,promotion_pulse,True
PROMO-0055-1,vn:100601:1005500,70,76,80900,9,20200,60,40,False,promotion_pulse,True
PROMO-0055-2,vn:100602:1005501,73,79,21000,10,5200,60,40,False,promotion_pulse,True
PROMO-0055-3,vn:100603:1005502,76,82,21700,11,5400,60,40,False,promotion_pulse,True
PROMO-0056-1,id:900201:2005600,77,84,17800,10,4500,60,40,False,promotion_pulse,True
PROMO-0056-2,id:900202:2005601,80,87,18500,11,4600,60,40,False,promotion_pulse,True
PROMO-0056-3,id:900203:2005602,83,90,38200,12,9600,60,40,False,promotion_pulse,True
PROMO-0057-1,vn:100001:1005700,84,92,35600,11,8900,60,40,False,promotion_pulse,True
PROMO-0057-2,vn:100002:1005701,87,95,73800,12,18500,60,40,False,promotion_pulse,True
PROMO-0057-3,vn:100003:1005702,90,98,153000,13,38200,60,40,False,promotion_pulse,True
PROMO-0058-1,id:900101:2005800,91,100,29200,12,7300,60,40,False,promotion_pulse,True
PROMO-0058-2,id:900102:2005801,94,103,60500,13,15100,60,40,False,promotion_pulse,True
PROMO-0058-3,id:900103:2005802,97,106,15700,14,3900,60,40,False,promotion_pulse,True
PROMO-0059-1,vn:100301:1005900,98,108,99000,13,24700,60,40,False,promotion_pulse,True
PROMO-0059-2,vn:100302:1005901,101,111,25700,14,6400,60,40,False,promotion_pulse,True
PROMO-0059-3,vn:100303:1005902,104,114,26600,15,6600,60,40,False,promotion_pulse,True
PROMO-0060-1,id:900101:2006000,105,116,20000,14,5000,60,40,False,promotion_pulse,True
PROMO-0060-2,id:900102:2006001,108,119,20700,15,5200,60,40,False,promotion_pulse,True
PROMO-0060-3,id:900103:2006002,26,37,42900,16,10700,60,40,False,promotion_pulse,True
PROMO-0061-1,vn:100301:1006100,27,39,32200,15,8100,60,40,False,promotion_pulse,True
PROMO-0061-2,vn:100302:1006101,30,42,66900,16,16700,60,40,False,promotion_pulse,True
PROMO-0061-3,vn:100303:1006102,33,45,138500,17,34600,60,40,False,promotion_pulse,True
PROMO-0062-1,vn:100601:1006200,34,47,50100,16,12500,60,40,False,promotion_pulse,True
PROMO-0062-2,vn:100602:1006201,37,50,103800,17,26000,60,40,False,promotion_pulse,True
PROMO-0062-3,vn:100603:1006202,40,53,26900,18,6700,60,40,False,promotion_pulse,True
PROMO-0063-1,vn:100501:1006300,41,46,101900,17,25500,60,40,False,promotion_pulse,True
PROMO-0063-2,vn:100502:1006301,44,49,26400,18,6600,60,40,False,promotion_pulse,True
PROMO-0063-3,vn:100503:1006302,47,52,27400,19,6800,60,40,False,promotion_pulse,True
PROMO-0064-1,vn:100601:1006400,48,54,31400,18,7800,60,40,False,promotion_pulse,True
PROMO-0064-2,vn:100602:1006401,51,57,32500,19,8100,60,40,False,promotion_pulse,True
PROMO-0064-3,vn:100603:1006402,54,60,67200,20,16800,60,40,False,promotion_pulse,True
PROMO-0065-1,vn:100601:1006500,55,62,27400,19,6900,60,40,False,promotion_pulse,True
PROMO-0065-2,vn:100602:1006501,58,65,56900,20,14200,60,40,False,promotion_pulse,True
PROMO-0065-3,vn:100603:1006502,61,68,117800,21,29500,60,40,False,promotion_pulse,True
PROMO-0066-1,id:900201:2006600,62,70,29200,20,7300,60,40,False,promotion_pulse,True
PROMO-0066-2,id:900202:2006601,65,73,60500,21,15100,60,40,False,promotion_pulse,True
PROMO-0066-3,id:900203:2006602,68,76,15700,22,3900,60,40,False,promotion_pulse,True
PROMO-0067-1,vn:100601:1006700,69,78,103200,21,25800,60,40,False,promotion_pulse,True
PROMO-0067-2,vn:100602:1006701,72,81,26700,22,6700,60,40,False,promotion_pulse,True
PROMO-0067-3,vn:100603:1006702,75,84,27700,23,6900,60,40,False,promotion_pulse,True
PROMO-0068-1,id:900101:2006800,76,86,20000,22,5000,60,40,False,promotion_pulse,True
PROMO-0068-2,id:900102:2006801,79,89,20700,23,5200,60,40,False,promotion_pulse,True
PROMO-0068-3,id:900103:2006802,82,92,42900,24,10700,60,40,False,promotion_pulse,True
PROMO-0069-1,id:900701:2006900,83,94,17800,23,4500,60,40,False,promotion_pulse,True
PROMO-0069-2,id:900702:2006901,86,97,37000,24,9200,60,40,False,promotion_pulse,True
PROMO-0069-3,id:900703:2006902,89,100,76500,25,19100,60,40,False,promotion_pulse,True
PROMO-0070-1,vn:100301:1007000,90,102,49500,24,12400,60,40,False,promotion_pulse,True
PROMO-0070-2,vn:100302:1007001,93,105,102600,25,25600,60,40,False,promotion_pulse,True
PROMO-0070-3,vn:100303:1007002,96,108,26600,8,6600,60,40,False,promotion_pulse,True
PROMO-0071-1,vn:100601:1007100,97,110,114200,25,28600,60,40,False,promotion_pulse,True
PROMO-0071-2,vn:100602:1007101,100,113,29600,8,7400,60,40,False,promotion_pulse,True
PROMO-0071-3,vn:100603:1007102,103,116,30600,9,7700,60,40,False,promotion_pulse,True
PROMO-0072-1,id:900201:2007200,104,109,14600,8,3600,60,40,False,promotion_pulse,True
PROMO-0072-2,id:900202:2007201,107,112,15100,9,3800,60,40,False,promotion_pulse,True
PROMO-0072-3,id:900203:2007202,25,30,31300,10,7800,60,40,False,promotion_pulse,True
PROMO-0073-1,id:900201:2007300,26,32,14600,9,3600,60,40,False,promotion_pulse,True
PROMO-0073-2,id:900202:2007301,29,35,30200,10,7600,60,40,False,promotion_pulse,True
PROMO-0073-3,id:900203:2007302,32,38,62600,11,15700,60,40,False,promotion_pulse,True
PROMO-0074-1,vn:100301:1007400,33,40,71800,10,17900,60,40,False,promotion_pulse,True
PROMO-0074-2,vn:100302:1007401,36,43,148700,11,37200,60,40,False,promotion_pulse,True
PROMO-0074-3,vn:100303:1007402,39,46,38500,12,9600,60,40,False,promotion_pulse,True
PROMO-0075-1,vn:100401:1007500,40,48,134500,11,33600,60,40,False,promotion_pulse,True
PROMO-0075-2,vn:100402:1007501,43,51,34900,12,8700,60,40,False,promotion_pulse,True
PROMO-0075-3,vn:100403:1007502,46,54,36100,13,9000,60,40,False,promotion_pulse,True
PROMO-0076-1,vn:100601:1007600,47,56,29800,12,7500,60,40,False,promotion_pulse,True
PROMO-0076-2,vn:100602:1007601,50,59,30900,13,7700,60,40,False,promotion_pulse,True
PROMO-0076-3,vn:100603:1007602,53,62,63900,14,16000,60,40,False,promotion_pulse,True
PROMO-0077-1,id:900201:2007700,54,64,12500,13,3100,60,40,False,promotion_pulse,True
PROMO-0077-2,id:900202:2007701,57,67,25800,14,6400,60,40,False,promotion_pulse,True
PROMO-0077-3,id:900203:2007702,60,70,53400,15,13300,60,40,False,promotion_pulse,True
PROMO-0078-1,vn:100601:1007800,61,72,40400,14,10100,60,40,False,promotion_pulse,True
PROMO-0078-2,vn:100602:1007801,64,75,83800,15,21000,60,40,False,promotion_pulse,True
PROMO-0078-3,vn:100603:1007802,67,78,21700,16,5400,60,40,False,promotion_pulse,True
PROMO-0079-1,vn:100601:1007900,68,80,106000,15,26500,60,40,False,promotion_pulse,True
PROMO-0079-2,vn:100602:1007901,71,83,27400,16,6900,60,40,False,promotion_pulse,True
PROMO-0079-3,vn:100603:1007902,74,86,28400,17,7100,60,40,False,promotion_pulse,True
PROMO-0080-1,vn:100601:1008000,75,88,20600,16,5200,60,40,False,promotion_pulse,True
PROMO-0080-2,vn:100602:1008001,78,91,21400,17,5400,60,40,False,promotion_pulse,True
PROMO-0080-3,vn:100603:1008002,81,94,44300,18,11100,60,40,False,promotion_pulse,True
PROMO-0081-1,id:900701:2008100,82,87,17800,17,4500,60,40,False,promotion_pulse,True
PROMO-0081-2,id:900702:2008101,85,90,37000,18,9200,60,40,False,promotion_pulse,True
PROMO-0081-3,id:900703:2008102,88,93,76500,19,19100,60,40,False,promotion_pulse,True
PROMO-0082-1,vn:100601:1008200,89,95,62400,18,15600,60,40,False,promotion_pulse,True
PROMO-0082-2,vn:100602:1008201,92,98,129300,19,32300,60,40,False,promotion_pulse,True
PROMO-0082-3,vn:100603:1008202,95,101,33400,20,8400,60,40,False,promotion_pulse,True
PROMO-0083-1,vn:100601:1008300,96,103,97400,19,24400,60,40,False,promotion_pulse,True
PROMO-0083-2,vn:100602:1008301,99,106,25300,20,6300,60,40,False,promotion_pulse,True
PROMO-0083-3,vn:100603:1008302,102,109,26200,21,6500,60,40,False,promotion_pulse,True
PROMO-0084-1,id:900201:2008400,103,111,12500,20,3100,60,40,False,promotion_pulse,True
PROMO-0084-2,id:900202:2008401,106,114,12900,21,3200,60,40,False,promotion_pulse,True
PROMO-0084-3,id:900203:2008402,109,117,26700,22,6700,60,40,False,promotion_pulse,True
PROMO-0085-1,id:900701:2008500,25,34,12500,21,3100,60,40,False,promotion_pulse,True
PROMO-0085-2,id:900702:2008501,28,37,25800,22,6400,60,40,False,promotion_pulse,True
PROMO-0085-3,id:900703:2008502,31,40,53400,23,13300,60,40,False,promotion_pulse,True
PROMO-0086-1,id:900701:2008600,32,42,29200,22,7300,60,40,False,promotion_pulse,True
PROMO-0086-2,id:900702:2008601,35,45,60500,23,15100,60,40,False,promotion_pulse,True
PROMO-0086-3,id:900703:2008602,38,48,15700,24,3900,60,40,False,promotion_pulse,True
PROMO-0087-1,vn:100401:1008700,39,50,115000,23,28800,60,40,False,promotion_pulse,True
PROMO-0087-2,vn:100402:1008701,42,53,29800,24,7500,60,40,False,promotion_pulse,True
PROMO-0087-3,vn:100403:1008702,45,56,30900,25,7700,60,40,False,promotion_pulse,True
PROMO-0088-1,id:900701:2008800,46,58,12500,24,3100,60,40,False,promotion_pulse,True
PROMO-0088-2,id:900702:2008801,49,61,12900,25,3200,60,40,False,promotion_pulse,True
PROMO-0088-3,id:900703:2008802,52,64,26700,8,6700,60,40,False,promotion_pulse,True
PROMO-0089-1,vn:100601:1008900,53,66,29700,25,7400,60,40,False,promotion_pulse,True
PROMO-0089-2,vn:100602:1008901,56,69,61400,8,15400,60,40,False,promotion_pulse,True
PROMO-0089-3,vn:100603:1008902,59,72,127300,9,31800,60,40,False,promotion_pulse,True
PROMO-0090-1,vn:100001:1009000,60,65,47800,8,11900,60,40,False,promotion_pulse,True
PROMO-0090-2,vn:100002:1009001,63,68,99000,9,24800,60,40,False,promotion_pulse,True
PROMO-0090-3,vn:100003:1009002,66,71,25600,10,6400,60,40,False,promotion_pulse,True
PROMO-0091-1,vn:100601:1009100,67,73,86400,9,21600,60,40,False,promotion_pulse,True
PROMO-0091-2,vn:100602:1009101,70,76,22400,10,5600,60,40,False,promotion_pulse,True
PROMO-0091-3,vn:100603:1009102,73,79,23200,11,5800,60,40,False,promotion_pulse,True
PROMO-0092-1,id:900201:2009200,74,81,11000,10,2800,60,40,False,promotion_pulse,True
PROMO-0092-2,id:900202:2009201,77,84,11400,11,2900,60,40,False,promotion_pulse,True
PROMO-0092-3,id:900203:2009202,80,87,23700,12,5900,60,40,False,promotion_pulse,True
PROMO-0093-1,vn:100301:1009300,81,89,31600,11,7900,60,40,False,promotion_pulse,True
PROMO-0093-2,vn:100302:1009301,84,92,65400,12,16400,60,40,False,promotion_pulse,True
PROMO-0093-3,vn:100303:1009302,87,95,135500,13,33900,60,40,False,promotion_pulse,True
PROMO-0094-1,vn:100601:1009400,88,97,58600,12,14600,60,40,False,promotion_pulse,True
PROMO-0094-2,vn:100602:1009401,91,100,121300,13,30300,60,40,False,promotion_pulse,True
PROMO-0094-3,vn:100603:1009402,94,103,31400,14,7800,60,40,False,promotion_pulse,True
PROMO-0095-1,vn:100601:1009500,95,105,93700,13,23400,60,40,False,promotion_pulse,True
PROMO-0095-2,vn:100602:1009501,98,108,24200,14,6100,60,40,False,promotion_pulse,True
PROMO-0095-3,vn:100603:1009502,101,111,25100,15,6300,60,40,False,promotion_pulse,True
PROMO-0096-1,vn:100601:1009600,102,113,34500,14,8600,60,40,False,promotion_pulse,True
PROMO-0096-2,vn:100602:1009601,105,116,35800,15,8900,60,40,False,promotion_pulse,True
PROMO-0096-3,vn:100603:1009602,108,119,74000,16,18500,60,40,False,promotion_pulse,True
PROMO-0097-1,vn:100601:1009700,109,119,36600,15,9100,60,40,False,promotion_pulse,True
PROMO-0097-2,vn:100602:1009701,27,39,75800,16,18900,60,40,False,promotion_pulse,True
PROMO-0097-3,vn:100603:1009702,30,42,156900,17,39200,60,40,False,promotion_pulse,True
PROMO-0098-1,vn:100601:1009800,31,44,71800,16,17900,60,40,False,promotion_pulse,True
PROMO-0098-2,vn:100602:1009801,34,47,148700,17,37200,60,40,False,promotion_pulse,True
PROMO-0098-3,vn:100603:1009802,37,50,38500,18,9600,60,40,False,promotion_pulse,True
PROMO-0099-1,vn:100601:1009900,38,43,91600,17,22900,60,40,False,promotion_pulse,True
PROMO-0099-2,vn:100602:1009901,41,46,23800,18,5900,60,40,False,promotion_pulse,True
PROMO-0099-3,vn:100603:1009902,44,49,24600,19,6100,60,40,False,promotion_pulse,True
PROMO-0100-1,id:900201:2010000,45,51,14600,18,3600,60,40,False,promotion_pulse,True
PROMO-0100-2,id:900202:2010001,48,54,15100,19,3800,60,40,False,promotion_pulse,True
PROMO-0100-3,id:900203:2010002,51,57,31300,20,7800,60,40,False,promotion_pulse,True
PROMO-0101-1,vn:100001:1010100,52,59,31700,19,7900,60,40,False,promotion_pulse,True
PROMO-0101-2,vn:100002:1010101,55,62,65800,20,16400,60,40,False,promotion_pulse,True
PROMO-0101-3,vn:100003:1010102,58,65,136200,21,34000,60,40,False,promotion_pulse,True
PROMO-0102-1,vn:100601:1010200,59,67,29000,20,7300,60,40,False,promotion_pulse,True
PROMO-0102-2,vn:100602:1010201,62,70,60200,21,15100,60,40,False,promotion_pulse,True
PROMO-0102-3,vn:100603:1010202,65,73,15600,22,3900,60,40,False,promotion_pulse,True
PROMO-0103-1,id:900101:2010300,66,75,71300,21,17800,60,40,False,promotion_pulse,True
PROMO-0103-2,id:900102:2010301,69,78,18500,22,4600,60,40,False,promotion_pulse,True
PROMO-0103-3,id:900103:2010302,72,81,19100,23,4800,60,40,False,promotion_pulse,True
PROMO-0104-1,vn:100401:1010400,73,83,25300,22,6300,60,40,False,promotion_pulse,True
PROMO-0104-2,vn:100402:1010401,76,86,26200,23,6600,60,40,False,promotion_pulse,True
PROMO-0104-3,vn:100403:1010402,79,89,54300,24,13600,60,40,False,promotion_pulse,True
PROMO-0105-1,vn:100301:1010500,80,91,41000,23,10200,60,40,False,promotion_pulse,True
PROMO-0105-2,vn:100302:1010501,83,94,84900,24,21200,60,40,False,promotion_pulse,True
PROMO-0105-3,vn:100303:1010502,86,97,175800,25,43900,60,40,False,promotion_pulse,True
PROMO-0106-1,id:900201:2010600,87,99,22100,24,5500,60,40,False,promotion_pulse,True
PROMO-0106-2,id:900202:2010601,90,102,45800,25,11400,60,40,False,promotion_pulse,True
PROMO-0106-3,id:900203:2010602,93,105,11800,8,3000,60,40,False,promotion_pulse,True
PROMO-0107-1,vn:100601:1010700,94,107,91200,25,22800,60,40,False,promotion_pulse,True
PROMO-0107-2,vn:100602:1010701,97,110,23700,8,5900,60,40,False,promotion_pulse,True
PROMO-0107-3,vn:100603:1010702,100,113,24500,9,6100,60,40,False,promotion_pulse,True
PROMO-0108-1,vn:100601:1010800,101,106,33900,8,8500,60,40,False,promotion_pulse,True
PROMO-0108-2,vn:100602:1010801,104,109,35200,9,8800,60,40,False,promotion_pulse,True
PROMO-0108-3,vn:100603:1010802,107,112,72900,10,18200,60,40,False,promotion_pulse,True
PROMO-0109-1,vn:100301:1010900,108,114,30700,9,7700,60,40,False,promotion_pulse,True
PROMO-0109-2,vn:100302:1010901,26,32,63700,10,15900,60,40,False,promotion_pulse,True
PROMO-0109-3,vn:100303:1010902,29,35,131800,11,33000,60,40,False,promotion_pulse,True
PROMO-0110-1,vn:100601:1011000,30,37,45800,10,11400,60,40,False,promotion_pulse,True
PROMO-0110-2,vn:100602:1011001,33,40,94900,11,23700,60,40,False,promotion_pulse,True
PROMO-0110-3,vn:100603:1011002,36,43,24600,12,6100,60,40,False,promotion_pulse,True
PROMO-0111-1,vn:100501:1011100,37,45,97400,11,24400,60,40,False,promotion_pulse,True
PROMO-0111-2,vn:100502:1011101,40,48,25300,12,6300,60,40,False,promotion_pulse,True
PROMO-0111-3,vn:100503:1011102,43,51,26200,13,6500,60,40,False,promotion_pulse,True
PROMO-0112-1,vn:100401:1011200,44,53,34300,12,8600,60,40,False,promotion_pulse,True
PROMO-0112-2,vn:100402:1011201,47,56,35600,13,8900,60,40,False,promotion_pulse,True
PROMO-0112-3,vn:100403:1011202,50,59,73700,14,18400,60,40,False,promotion_pulse,True
PROMO-0113-1,vn:100601:1011300,51,61,24600,13,6100,60,40,False,promotion_pulse,True
PROMO-0113-2,vn:100602:1011301,54,64,51000,14,12700,60,40,False,promotion_pulse,True
PROMO-0113-3,vn:100603:1011302,57,67,105400,15,26400,60,40,False,promotion_pulse,True
PROMO-0114-1,id:900701:2011400,58,69,24900,14,6200,60,40,False,promotion_pulse,True
PROMO-0114-2,id:900702:2011401,61,72,51600,15,12900,60,40,False,promotion_pulse,True
PROMO-0114-3,id:900703:2011402,64,75,13400,16,3300,60,40,False,promotion_pulse,True
PROMO-0115-1,vn:100301:1011500,65,77,161000,15,40300,60,40,False,promotion_pulse,True
PROMO-0115-2,vn:100302:1011501,68,80,41800,16,10400,60,40,False,promotion_pulse,True
PROMO-0115-3,vn:100303:1011502,71,83,43200,17,10800,60,40,False,promotion_pulse,True
PROMO-0116-1,vn:100601:1011600,72,85,21400,16,5400,60,40,False,promotion_pulse,True
PROMO-0116-2,vn:100602:1011601,75,88,22200,17,5600,60,40,False,promotion_pulse,True
PROMO-0116-3,vn:100603:1011602,78,91,46000,18,11500,60,40,False,promotion_pulse,True
PROMO-0117-1,vn:100401:1011700,79,84,32200,17,8100,60,40,False,promotion_pulse,True
PROMO-0117-2,vn:100402:1011701,82,87,66800,18,16700,60,40,False,promotion_pulse,True
PROMO-0117-3,vn:100403:1011702,85,90,138300,19,34600,60,40,False,promotion_pulse,True
PROMO-0118-1,id:900201:2011800,86,92,24900,18,6200,60,40,False,promotion_pulse,True
PROMO-0118-2,id:900202:2011801,89,95,51600,19,12900,60,40,False,promotion_pulse,True
PROMO-0118-3,id:900203:2011802,92,98,13400,20,3300,60,40,False,promotion_pulse,True
PROMO-0119-1,vn:100301:1011900,93,100,120100,19,30000,60,40,False,promotion_pulse,True
PROMO-0119-2,vn:100302:1011901,96,103,31100,20,7800,60,40,False,promotion_pulse,True
PROMO-0119-3,vn:100303:1011902,99,106,32200,21,8100,60,40,False,promotion_pulse,True
PROMO-0120-1,vn:100301:1012000,100,108,37300,20,9300,60,40,False,promotion_pulse,True
PROMO-0120-2,vn:100302:1012001,103,111,38600,21,9700,60,40,False,promotion_pulse,True
PROMO-0120-3,vn:100303:1012002,106,114,79900,22,20000,60,40,False,promotion_pulse,True
PROMO-0121-1,vn:100601:1012100,107,116,12500,21,3100,60,40,False,promotion_pulse,True
PROMO-0121-2,vn:100602:1012101,25,34,25800,22,6500,60,40,False,promotion_pulse,True
PROMO-0121-3,vn:100603:1012102,28,37,53400,23,13400,60,40,False,promotion_pulse,True
PROMO-0122-1,vn:100601:1012200,29,39,46400,22,11600,60,40,False,promotion_pulse,True
PROMO-0122-2,vn:100602:1012201,32,42,96200,23,24000,60,40,False,promotion_pulse,True
PROMO-0122-3,vn:100603:1012202,35,45,24900,24,6200,60,40,False,promotion_pulse,True
PROMO-0123-1,id:900201:2012300,36,47,58400,23,14600,60,40,False,promotion_pulse,True
PROMO-0123-2,id:900202:2012301,39,50,15100,24,3800,60,40,False,promotion_pulse,True
PROMO-0123-3,id:900203:2012302,42,53,15700,25,3900,60,40,False,promotion_pulse,True
PROMO-0124-1,vn:100301:1012400,43,55,21500,24,5400,60,40,False,promotion_pulse,True
PROMO-0124-2,vn:100302:1012401,46,58,22300,25,5600,60,40,False,promotion_pulse,True
PROMO-0124-3,vn:100303:1012402,49,61,46200,8,11500,60,40,False,promotion_pulse,True
PROMO-0125-1,id:900101:2012500,50,63,14600,25,3600,60,40,False,promotion_pulse,True
PROMO-0125-2,id:900102:2012501,53,66,30200,8,7600,60,40,False,promotion_pulse,True
PROMO-0125-3,id:900103:2012502,56,69,62600,9,15700,60,40,False,promotion_pulse,True
PROMO-0126-1,vn:100501:1012600,57,62,65200,8,16300,60,40,False,promotion_pulse,True
PROMO-0126-2,vn:100502:1012601,60,65,135200,9,33800,60,40,False,promotion_pulse,True
PROMO-0126-3,vn:100503:1012602,63,68,35000,10,8700,60,40,False,promotion_pulse,True
PROMO-0127-1,vn:100501:1012700,64,70,163000,9,40800,60,40,False,promotion_pulse,True
PROMO-0127-2,vn:100502:1012701,67,73,42200,10,10600,60,40,False,promotion_pulse,True
PROMO-0127-3,vn:100503:1012702,70,76,43800,11,10900,60,40,False,promotion_pulse,True
PROMO-0128-1,vn:100601:1012800,71,78,32600,10,8100,60,40,False,promotion_pulse,True
PROMO-0128-2,vn:100602:1012801,74,81,33800,11,8400,60,40,False,promotion_pulse,True
PROMO-0128-3,vn:100603:1012802,77,84,69800,12,17500,60,40,False,promotion_pulse,True
PROMO-0129-1,id:900201:2012900,78,86,12500,11,3100,60,40,False,promotion_pulse,True
PROMO-0129-2,id:900202:2012901,81,89,25800,12,6400,60,40,False,promotion_pulse,True
PROMO-0129-3,id:900203:2012902,84,92,53400,13,13300,60,40,False,promotion_pulse,True
PROMO-0130-1,vn:100301:1013000,85,94,60100,12,15000,60,40,False,promotion_pulse,True
PROMO-0130-2,vn:100302:1013001,88,97,124500,13,31100,60,40,False,promotion_pulse,True
PROMO-0130-3,vn:100303:1013002,91,100,32200,14,8100,60,40,False,promotion_pulse,True
PROMO-0131-1,vn:100601:1013100,92,102,143500,13,35900,60,40,False,promotion_pulse,True
PROMO-0131-2,vn:100602:1013101,95,105,37200,14,9300,60,40,False,promotion_pulse,True
PROMO-0131-3,vn:100603:1013102,98,108,38500,15,9600,60,40,False,promotion_pulse,True
PROMO-0132-1,vn:100601:1013200,99,110,30300,14,7600,60,40,False,promotion_pulse,True
PROMO-0132-2,vn:100602:1013201,102,113,31400,15,7900,60,40,False,promotion_pulse,True
PROMO-0132-3,vn:100603:1013202,105,116,65100,16,16300,60,40,False,promotion_pulse,True
PROMO-0133-1,vn:100501:1013300,106,118,42200,15,10500,60,40,False,promotion_pulse,True
PROMO-0133-2,vn:100502:1013301,109,119,87400,16,21800,60,40,False,promotion_pulse,True
PROMO-0133-3,vn:100503:1013302,27,39,180800,17,45200,60,40,False,promotion_pulse,True
PROMO-0134-1,vn:100601:1013400,28,41,37400,16,9300,60,40,False,promotion_pulse,True
PROMO-0134-2,vn:100602:1013401,31,44,77400,17,19300,60,40,False,promotion_pulse,True
PROMO-0134-3,vn:100603:1013402,34,47,20000,18,5000,60,40,False,promotion_pulse,True
PROMO-0135-1,vn:100501:1013500,35,40,125000,17,31200,60,40,False,promotion_pulse,True
PROMO-0135-2,vn:100502:1013501,38,43,32400,18,8100,60,40,False,promotion_pulse,True
PROMO-0135-3,vn:100503:1013502,41,46,33500,19,8400,60,40,False,promotion_pulse,True
PROMO-0136-1,vn:100601:1013600,42,48,23700,18,5900,60,40,False,promotion_pulse,True
PROMO-0136-2,vn:100602:1013601,45,51,24600,19,6100,60,40,False,promotion_pulse,True
PROMO-0136-3,vn:100603:1013602,48,54,50900,20,12700,60,40,False,promotion_pulse,True
PROMO-0137-1,vn:100301:1013700,49,56,22900,19,5700,60,40,False,promotion_pulse,True
PROMO-0137-2,vn:100302:1013701,52,59,47400,20,11900,60,40,False,promotion_pulse,True
PROMO-0137-3,vn:100303:1013702,55,62,98200,21,24600,60,40,False,promotion_pulse,True
PROMO-0138-1,vn:100301:1013800,56,64,64600,20,16100,60,40,False,promotion_pulse,True
PROMO-0138-2,vn:100302:1013801,59,67,133800,21,33400,60,40,False,promotion_pulse,True
PROMO-0138-3,vn:100303:1013802,62,70,34600,22,8700,60,40,False,promotion_pulse,True
PROMO-0139-1,vn:100601:1013900,63,72,109400,21,27300,60,40,False,promotion_pulse,True
PROMO-0139-2,vn:100602:1013901,66,75,28300,22,7100,60,40,False,promotion_pulse,True
PROMO-0139-3,vn:100603:1013902,69,78,29400,23,7300,60,40,False,promotion_pulse,True
PROMO-0140-1,vn:100301:1014000,70,80,42300,22,10600,60,40,False,promotion_pulse,True
PROMO-0140-2,vn:100302:1014001,73,83,43800,23,11000,60,40,False,promotion_pulse,True
PROMO-0140-3,vn:100303:1014002,76,86,90800,24,22700,60,40,False,promotion_pulse,True
PROMO-0141-1,vn:100001:1014100,77,88,28700,23,7200,60,40,False,promotion_pulse,True
PROMO-0141-2,vn:100002:1014101,80,91,59500,24,14900,60,40,False,promotion_pulse,True
PROMO-0141-3,vn:100003:1014102,83,94,123300,25,30800,60,40,False,promotion_pulse,True
PROMO-0142-1,vn:100001:1014200,84,96,58800,24,14700,60,40,False,promotion_pulse,True
PROMO-0142-2,vn:100002:1014201,87,99,121900,25,30500,60,40,False,promotion_pulse,True
PROMO-0142-3,vn:100003:1014202,90,102,31500,8,7900,60,40,False,promotion_pulse,True
PROMO-0143-1,vn:100601:1014300,91,104,91600,25,22900,60,40,False,promotion_pulse,True
PROMO-0143-2,vn:100602:1014301,94,107,23800,8,5900,60,40,False,promotion_pulse,True
PROMO-0143-3,vn:100603:1014302,97,110,24600,9,6100,60,40,False,promotion_pulse,True
PROMO-0144-1,vn:100501:1014400,98,103,33000,8,8200,60,40,False,promotion_pulse,True
PROMO-0144-2,vn:100502:1014401,101,106,34200,9,8500,60,40,False,promotion_pulse,True
PROMO-0144-3,vn:100503:1014402,104,109,70800,10,17700,60,40,False,promotion_pulse,True
PROMO-0145-1,vn:100601:1014500,105,111,23900,9,6000,60,40,False,promotion_pulse,True
PROMO-0145-2,vn:100602:1014501,108,114,49500,10,12400,60,40,False,promotion_pulse,True
PROMO-0145-3,vn:100603:1014502,26,32,102500,11,25600,60,40,False,promotion_pulse,True
PROMO-0146-1,vn:100601:1014600,27,34,54400,10,13600,60,40,False,promotion_pulse,True
PROMO-0146-2,vn:100602:1014601,30,37,112700,11,28200,60,40,False,promotion_pulse,True
PROMO-0146-3,vn:100603:1014602,33,40,29200,12,7300,60,40,False,promotion_pulse,True
PROMO-0147-1,vn:100001:1014700,34,42,132400,11,33100,60,40,False,promotion_pulse,True
PROMO-0147-2,vn:100002:1014701,37,45,34300,12,8600,60,40,False,promotion_pulse,True
PROMO-0147-3,vn:100003:1014702,40,48,35500,13,8900,60,40,False,promotion_pulse,True
PROMO-0148-1,vn:100601:1014800,41,50,24400,12,6100,60,40,False,promotion_pulse,True
PROMO-0148-2,vn:100602:1014801,44,53,25300,13,6300,60,40,False,promotion_pulse,True
PROMO-0148-3,vn:100603:1014802,47,56,52300,14,13100,60,40,False,promotion_pulse,True
PROMO-0149-1,id:900201:2014900,48,58,14600,13,3600,60,40,False,promotion_pulse,True
PROMO-0149-2,id:900202:2014901,51,61,30200,14,7600,60,40,False,promotion_pulse,True
PROMO-0149-3,id:900203:2014902,54,64,62600,15,15700,60,40,False,promotion_pulse,True
PROMO-0150-1,vn:100601:1015000,55,66,50800,14,12700,60,40,False,promotion_pulse,True
PROMO-0150-2,vn:100602:1015001,58,69,105200,15,26300,60,40,False,promotion_pulse,True
PROMO-0150-3,vn:100603:1015002,61,72,27200,16,6800,60,40,False,promotion_pulse,True
PROMO-0151-1,vn:100601:1015100,62,74,103000,15,25700,60,40,False,promotion_pulse,True
PROMO-0151-2,vn:100602:1015101,65,77,26700,16,6700,60,40,False,promotion_pulse,True
PROMO-0151-3,vn:100603:1015102,68,80,27600,17,6900,60,40,False,promotion_pulse,True
PROMO-0152-1,id:900701:2015200,69,82,14600,16,3600,60,40,False,promotion_pulse,True
PROMO-0152-2,id:900702:2015201,72,85,15100,17,3800,60,40,False,promotion_pulse,True
PROMO-0152-3,id:900703:2015202,75,88,31300,18,7800,60,40,False,promotion_pulse,True
PROMO-0153-1,vn:100501:1015300,76,81,39200,17,9800,60,40,False,promotion_pulse,True
PROMO-0153-2,vn:100502:1015301,79,84,81300,18,20300,60,40,False,promotion_pulse,True
PROMO-0153-3,vn:100503:1015302,82,87,168200,19,42100,60,40,False,promotion_pulse,True
PROMO-0154-1,vn:100601:1015400,83,89,37200,18,9300,60,40,False,promotion_pulse,True
PROMO-0154-2,vn:100602:1015401,86,92,77000,19,19300,60,40,False,promotion_pulse,True
PROMO-0154-3,vn:100603:1015402,89,95,19900,20,5000,60,40,False,promotion_pulse,True
PROMO-0155-1,id:900201:2015500,90,97,71300,19,17800,60,40,False,promotion_pulse,True
PROMO-0155-2,id:900202:2015501,93,100,18500,20,4600,60,40,False,promotion_pulse,True
PROMO-0155-3,id:900203:2015502,96,103,19100,21,4800,60,40,False,promotion_pulse,True
PROMO-0156-1,vn:100301:1015600,97,105,20800,20,5200,60,40,False,promotion_pulse,True
PROMO-0156-2,vn:100302:1015601,100,108,21600,21,5400,60,40,False,promotion_pulse,True
PROMO-0156-3,vn:100303:1015602,103,111,44600,22,11200,60,40,False,promotion_pulse,True
PROMO-0157-1,vn:100401:1015700,104,113,29400,21,7400,60,40,False,promotion_pulse,True
PROMO-0157-2,vn:100402:1015701,107,116,61100,22,15300,60,40,False,promotion_pulse,True
PROMO-0157-3,vn:100403:1015702,25,34,126500,23,31600,60,40,False,promotion_pulse,True
PROMO-0158-1,vn:100401:1015800,26,36,49200,22,12300,60,40,False,promotion_pulse,True
PROMO-0158-2,vn:100402:1015801,29,39,102100,23,25500,60,40,False,promotion_pulse,True
PROMO-0158-3,vn:100403:1015802,32,42,26400,24,6600,60,40,False,promotion_pulse,True
PROMO-0159-1,vn:100501:1015900,33,44,93700,23,23400,60,40,False,promotion_pulse,True
PROMO-0159-2,vn:100502:1015901,36,47,24200,24,6100,60,40,False,promotion_pulse,True
PROMO-0159-3,vn:100503:1015902,39,50,25100,25,6300,60,40,False,promotion_pulse,True
PROMO-0160-1,vn:100501:1016000,40,52,27800,24,7000,60,40,False,promotion_pulse,True
PROMO-0160-2,vn:100502:1016001,43,55,28800,25,7200,60,40,False,promotion_pulse,True
PROMO-0160-3,vn:100503:1016002,46,58,59700,8,14900,60,40,False,promotion_pulse,True
PROMO-0161-1,vn:100601:1016100,47,60,24400,25,6100,60,40,False,promotion_pulse,True
PROMO-0161-2,vn:100602:1016101,50,63,50500,8,12600,60,40,False,promotion_pulse,True
PROMO-0161-3,vn:100603:1016102,53,66,104600,9,26100,60,40,False,promotion_pulse,True
PROMO-0162-1,vn:100601:1016200,54,59,61300,8,15300,60,40,False,promotion_pulse,True
PROMO-0162-2,vn:100602:1016201,57,62,127000,9,31800,60,40,False,promotion_pulse,True
PROMO-0162-3,vn:100603:1016202,60,65,32900,10,8200,60,40,False,promotion_pulse,True
PROMO-0163-1,vn:100601:1016300,61,67,74700,9,18700,60,40,False,promotion_pulse,True
PROMO-0163-2,vn:100602:1016301,64,70,19400,10,4800,60,40,False,promotion_pulse,True
PROMO-0163-3,vn:100603:1016302,67,73,20000,11,5000,60,40,False,promotion_pulse,True
PROMO-0164-1,vn:100001:1016400,68,75,41200,10,10300,60,40,False,promotion_pulse,True
PROMO-0164-2,vn:100002:1016401,71,78,42600,11,10700,60,40,False,promotion_pulse,True
PROMO-0164-3,vn:100003:1016402,74,81,88300,12,22100,60,40,False,promotion_pulse,True
PROMO-0165-1,id:900201:2016500,75,83,12500,11,3100,60,40,False,promotion_pulse,True
PROMO-0165-2,id:900202:2016501,78,86,25800,12,6400,60,40,False,promotion_pulse,True
PROMO-0165-3,id:900203:2016502,81,89,53400,13,13300,60,40,False,promotion_pulse,True
PROMO-0166-1,id:900201:2016600,82,91,35600,12,8900,60,40,False,promotion_pulse,True
PROMO-0166-2,id:900202:2016601,85,94,73800,13,18500,60,40,False,promotion_pulse,True
PROMO-0166-3,id:900203:2016602,88,97,19100,14,4800,60,40,False,promotion_pulse,True
PROMO-0167-1,vn:100401:1016700,89,99,137300,13,34300,60,40,False,promotion_pulse,True
PROMO-0167-2,vn:100402:1016701,92,102,35600,14,8900,60,40,False,promotion_pulse,True
PROMO-0167-3,vn:100403:1016702,95,105,36800,15,9200,60,40,False,promotion_pulse,True
PROMO-0168-1,vn:100601:1016800,96,107,20600,14,5200,60,40,False,promotion_pulse,True
PROMO-0168-2,vn:100602:1016801,99,110,21400,15,5400,60,40,False,promotion_pulse,True
PROMO-0168-3,vn:100603:1016802,102,113,44300,16,11100,60,40,False,promotion_pulse,True
PROMO-0169-1,vn:100301:1016900,103,115,24700,15,6200,60,40,False,promotion_pulse,True
PROMO-0169-2,vn:100302:1016901,106,118,51300,16,12800,60,40,False,promotion_pulse,True
PROMO-0169-3,vn:100303:1016902,109,119,106200,17,26500,60,40,False,promotion_pulse,True
PROMO-0170-1,vn:100601:1017000,25,38,48000,16,12000,60,40,False,promotion_pulse,True
PROMO-0170-2,vn:100602:1017001,28,41,99500,17,24900,60,40,False,promotion_pulse,True
PROMO-0170-3,vn:100603:1017002,31,44,25800,18,6400,60,40,False,promotion_pulse,True
PROMO-0171-1,id:900101:2017100,32,37,58400,17,14600,60,40,False,promotion_pulse,True
PROMO-0171-2,id:900102:2017101,35,40,15100,18,3800,60,40,False,promotion_pulse,True
PROMO-0171-3,id:900103:2017102,38,43,15700,19,3900,60,40,False,promotion_pulse,True
PROMO-0172-1,id:900101:2017200,39,45,17800,18,4500,60,40,False,promotion_pulse,True
PROMO-0172-2,id:900102:2017201,42,48,18500,19,4600,60,40,False,promotion_pulse,True
PROMO-0172-3,id:900103:2017202,45,51,38200,20,9600,60,40,False,promotion_pulse,True
PROMO-0173-1,vn:100501:1017300,46,53,47000,19,11700,60,40,False,promotion_pulse,True
PROMO-0173-2,vn:100502:1017301,49,56,97400,20,24300,60,40,False,promotion_pulse,True
PROMO-0173-3,vn:100503:1017302,52,59,201500,21,50400,60,40,False,promotion_pulse,True
PROMO-0174-1,vn:100601:1017400,53,61,73100,20,18300,60,40,False,promotion_pulse,True
PROMO-0174-2,vn:100602:1017401,56,64,151500,21,37900,60,40,False,promotion_pulse,True
PROMO-0174-3,vn:100603:1017402,59,67,39200,22,9800,60,40,False,promotion_pulse,True
PROMO-0175-1,id:900701:2017500,60,69,58400,21,14600,60,40,False,promotion_pulse,True
PROMO-0175-2,id:900702:2017501,63,72,15100,22,3800,60,40,False,promotion_pulse,True
PROMO-0175-3,id:900703:2017502,66,75,15700,23,3900,60,40,False,promotion_pulse,True
PROMO-0176-1,id:900201:2017600,67,77,11000,22,2800,60,40,False,promotion_pulse,True
PROMO-0176-2,id:900202:2017601,70,80,11400,23,2900,60,40,False,promotion_pulse,True
PROMO-0176-3,id:900203:2017602,73,83,23700,24,5900,60,40,False,promotion_pulse,True
PROMO-0177-1,vn:100501:1017700,74,85,37300,23,9300,60,40,False,promotion_pulse,True
PROMO-0177-2,vn:100502:1017701,77,88,77300,24,19300,60,40,False,promotion_pulse,True
PROMO-0177-3,vn:100503:1017702,80,91,160100,25,40000,60,40,False,promotion_pulse,True
PROMO-0178-1,id:900701:2017800,81,93,35600,24,8900,60,40,False,promotion_pulse,True
PROMO-0178-2,id:900702:2017801,84,96,73800,25,18500,60,40,False,promotion_pulse,True
PROMO-0178-3,id:900703:2017802,87,99,19100,8,4800,60,40,False,promotion_pulse,True
PROMO-0179-1,vn:100401:1017900,88,101,140100,25,35000,60,40,False,promotion_pulse,True
PROMO-0179-2,vn:100402:1017901,91,104,36300,8,9100,60,40,False,promotion_pulse,True
PROMO-0179-3,vn:100403:1017902,94,107,37600,9,9400,60,40,False,promotion_pulse,True
PROMO-0180-1,vn:100601:1018000,95,100,23700,8,5900,60,40,False,promotion_pulse,True
PROMO-0180-2,vn:100602:1018001,98,103,24600,9,6100,60,40,False,promotion_pulse,True
PROMO-0180-3,vn:100603:1018002,101,106,50900,10,12700,60,40,False,promotion_pulse,True
PROMO-0181-1,vn:100601:1018100,102,108,23000,9,5700,60,40,False,promotion_pulse,True
PROMO-0181-2,vn:100602:1018101,105,111,47600,10,11900,60,40,False,promotion_pulse,True
PROMO-0181-3,vn:100603:1018102,108,114,98600,11,24700,60,40,False,promotion_pulse,True
PROMO-0182-1,vn:100001:1018200,109,116,69000,10,17200,60,40,False,promotion_pulse,True
PROMO-0182-2,vn:100002:1018201,27,34,143000,11,35700,60,40,False,promotion_pulse,True
PROMO-0182-3,vn:100003:1018202,30,37,37000,12,9200,60,40,False,promotion_pulse,True
PROMO-0183-1,vn:100301:1018300,31,39,140700,11,35200,60,40,False,promotion_pulse,True
PROMO-0183-2,vn:100302:1018301,34,42,36500,12,9100,60,40,False,promotion_pulse,True
PROMO-0183-3,vn:100303:1018302,37,45,37800,13,9400,60,40,False,promotion_pulse,True
PROMO-0184-1,vn:100601:1018400,38,47,22800,12,5700,60,40,False,promotion_pulse,True
PROMO-0184-2,vn:100602:1018401,41,50,23700,13,5900,60,40,False,promotion_pulse,True
PROMO-0184-3,vn:100603:1018402,44,53,49000,14,12200,60,40,False,promotion_pulse,True
PROMO-0185-1,id:900201:2018500,45,55,12500,13,3100,60,40,False,promotion_pulse,True
PROMO-0185-2,id:900202:2018501,48,58,25800,14,6400,60,40,False,promotion_pulse,True
PROMO-0185-3,id:900203:2018502,51,61,53400,15,13300,60,40,False,promotion_pulse,True
PROMO-0186-1,id:900101:2018600,52,63,35600,14,8900,60,40,False,promotion_pulse,True
PROMO-0186-2,id:900102:2018601,55,66,73800,15,18500,60,40,False,promotion_pulse,True
PROMO-0186-3,id:900103:2018602,58,69,19100,16,4800,60,40,False,promotion_pulse,True
PROMO-0187-1,id:900101:2018700,59,71,79800,15,20000,60,40,False,promotion_pulse,True
PROMO-0187-2,id:900102:2018701,62,74,20700,16,5200,60,40,False,promotion_pulse,True
PROMO-0187-3,id:900103:2018702,65,77,21400,17,5400,60,40,False,promotion_pulse,True
PROMO-0188-1,vn:100001:1018800,66,79,35000,16,8700,60,40,False,promotion_pulse,True
PROMO-0188-2,vn:100002:1018801,69,82,36200,17,9100,60,40,False,promotion_pulse,True
PROMO-0188-3,vn:100003:1018802,72,85,75000,18,18700,60,40,False,promotion_pulse,True
PROMO-0189-1,vn:100601:1018900,73,78,21600,17,5400,60,40,False,promotion_pulse,True
PROMO-0189-2,vn:100602:1018901,76,81,44800,18,11200,60,40,False,promotion_pulse,True
PROMO-0189-3,vn:100603:1018902,79,84,92700,19,23200,60,40,False,promotion_pulse,True
PROMO-0190-1,id:900201:2019000,80,86,35600,18,8900,60,40,False,promotion_pulse,True
PROMO-0190-2,id:900202:2019001,83,89,73800,19,18500,60,40,False,promotion_pulse,True
PROMO-0190-3,id:900203:2019002,86,92,19100,20,4800,60,40,False,promotion_pulse,True
PROMO-0191-1,vn:100001:1019100,87,94,148100,19,37000,60,40,False,promotion_pulse,True
PROMO-0191-2,vn:100002:1019101,90,97,38400,20,9600,60,40,False,promotion_pulse,True
PROMO-0191-3,vn:100003:1019102,93,100,39700,21,9900,60,40,False,promotion_pulse,True
PROMO-0192-1,id:900101:2019200,94,102,14600,20,3600,60,40,False,promotion_pulse,True
PROMO-0192-2,id:900102:2019201,97,105,15100,21,3800,60,40,False,promotion_pulse,True
PROMO-0192-3,id:900103:2019202,100,108,31300,22,7800,60,40,False,promotion_pulse,True
PROMO-0193-1,vn:100301:1019300,101,110,26200,21,6500,60,40,False,promotion_pulse,True
PROMO-0193-2,vn:100302:1019301,104,113,54200,22,13500,60,40,False,promotion_pulse,True
PROMO-0193-3,vn:100303:1019302,107,116,112200,23,28000,60,40,False,promotion_pulse,True
PROMO-0194-1,id:900101:2019400,108,118,39900,22,10000,60,40,False,promotion_pulse,True
PROMO-0194-2,id:900102:2019401,26,36,82800,23,20700,60,40,False,promotion_pulse,True
PROMO-0194-3,id:900103:2019402,29,39,21400,24,5400,60,40,False,promotion_pulse,True
PROMO-0195-1,vn:100301:1019500,30,41,134600,23,33600,60,40,False,promotion_pulse,True
PROMO-0195-2,vn:100302:1019501,33,44,34900,24,8700,60,40,False,promotion_pulse,True
PROMO-0195-3,vn:100303:1019502,36,47,36100,25,9000,60,40,False,promotion_pulse,True
PROMO-0196-1,vn:100601:1019600,37,49,26400,24,6600,60,40,False,promotion_pulse,True
PROMO-0196-2,vn:100602:1019601,40,52,27400,25,6900,60,40,False,promotion_pulse,True
PROMO-0196-3,vn:100603:1019602,43,55,56700,8,14200,60,40,False,promotion_pulse,True
PROMO-0197-1,vn:100501:1019700,44,57,26900,25,6700,60,40,False,promotion_pulse,True
PROMO-0197-2,vn:100502:1019701,47,60,55700,8,13900,60,40,False,promotion_pulse,True
PROMO-0197-3,vn:100503:1019702,50,63,115300,9,28800,60,40,False,promotion_pulse,True
PROMO-0198-1,vn:100601:1019800,51,56,50200,8,12600,60,40,False,promotion_pulse,True
PROMO-0198-2,vn:100602:1019801,54,59,104100,9,26000,60,40,False,promotion_pulse,True
PROMO-0198-3,vn:100603:1019802,57,62,27000,10,6700,60,40,False,promotion_pulse,True
PROMO-0199-1,vn:100601:1019900,58,64,85000,9,21200,60,40,False,promotion_pulse,True
PROMO-0199-2,vn:100602:1019901,61,67,22000,10,5500,60,40,False,promotion_pulse,True
PROMO-0199-3,vn:100603:1019902,64,70,22800,11,5700,60,40,False,promotion_pulse,True
PROMO-0200-1,id:900201:2020000,65,72,14600,10,3600,60,40,False,promotion_pulse,True
PROMO-0200-2,id:900202:2020001,68,75,15100,11,3800,60,40,False,promotion_pulse,True
PROMO-0200-3,id:900203:2020002,71,78,31300,12,7800,60,40,False,promotion_pulse,True
PROMO-0201-1,vn:100601:1020100,72,80,27200,11,6800,60,40,False,promotion_pulse,True
PROMO-0201-2,vn:100602:1020101,75,83,56300,12,14100,60,40,False,promotion_pulse,True
PROMO-0201-3,vn:100603:1020102,78,86,116600,13,29200,60,40,False,promotion_pulse,True
PROMO-0202-1,id:900101:2020200,79,88,39900,12,10000,60,40,False,promotion_pulse,True
PROMO-0202-2,id:900102:2020201,82,91,82800,13,20700,60,40,False,promotion_pulse,True
PROMO-0202-3,id:900103:2020202,85,94,21400,14,5400,60,40,False,promotion_pulse,True
PROMO-0203-1,id:900701:2020300,86,96,71300,13,17800,60,40,False,promotion_pulse,True
PROMO-0203-2,id:900702:2020301,89,99,18500,14,4600,60,40,False,promotion_pulse,True
PROMO-0203-3,id:900703:2020302,92,102,19100,15,4800,60,40,False,promotion_pulse,True
PROMO-0204-1,vn:100301:1020400,93,104,26200,14,6500,60,40,False,promotion_pulse,True
PROMO-0204-2,vn:100302:1020401,96,107,27000,15,6800,60,40,False,promotion_pulse,True
PROMO-0204-3,vn:100303:1020402,99,110,56100,16,14000,60,40,False,promotion_pulse,True
PROMO-0205-1,vn:100601:1020500,100,112,29900,15,7500,60,40,False,promotion_pulse,True
PROMO-0205-2,vn:100602:1020501,103,115,62100,16,15500,60,40,False,promotion_pulse,True
PROMO-0205-3,vn:100603:1020502,106,118,128600,17,32100,60,40,False,promotion_pulse,True
PROMO-0206-1,id:900201:2020600,107,119,29200,16,7300,60,40,False,promotion_pulse,True
PROMO-0206-2,id:900202:2020601,25,38,60500,17,15100,60,40,False,promotion_pulse,True
PROMO-0206-3,id:900203:2020602,28,41,15700,18,3900,60,40,False,promotion_pulse,True
PROMO-0207-1,id:900201:2020700,29,34,58400,17,14600,60,40,False,promotion_pulse,True
PROMO-0207-2,id:900202:2020701,32,37,15100,18,3800,60,40,False,promotion_pulse,True
PROMO-0207-3,id:900203:2020702,35,40,15700,19,3900,60,40,False,promotion_pulse,True
PROMO-0208-1,vn:100301:1020800,36,42,37300,18,9300,60,40,False,promotion_pulse,True
PROMO-0208-2,vn:100302:1020801,39,45,38600,19,9700,60,40,False,promotion_pulse,True
PROMO-0208-3,vn:100303:1020802,42,48,79900,20,20000,60,40,False,promotion_pulse,True
PROMO-0209-1,vn:100401:1020900,43,50,27400,19,6800,60,40,False,promotion_pulse,True
PROMO-0209-2,vn:100402:1020901,46,53,56800,20,14200,60,40,False,promotion_pulse,True
PROMO-0209-3,vn:100403:1020902,49,56,117600,21,29400,60,40,False,promotion_pulse,True
PROMO-0210-1,vn:100601:1021000,50,58,47200,20,11800,60,40,False,promotion_pulse,True
PROMO-0210-2,vn:100602:1021001,53,61,97800,21,24400,60,40,False,promotion_pulse,True
PROMO-0210-3,vn:100603:1021002,56,64,25300,22,6300,60,40,False,promotion_pulse,True
PROMO-0211-1,id:900201:2021100,57,66,49800,21,12400,60,40,False,promotion_pulse,True
PROMO-0211-2,id:900202:2021101,60,69,12900,22,3200,60,40,False,promotion_pulse,True
PROMO-0211-3,id:900203:2021102,63,72,13400,23,3300,60,40,False,promotion_pulse,True
PROMO-0212-1,vn:100601:1021200,64,74,21600,22,5400,60,40,False,promotion_pulse,True
PROMO-0212-2,vn:100602:1021201,67,77,22400,23,5600,60,40,False,promotion_pulse,True
PROMO-0212-3,vn:100603:1021202,70,80,46300,24,11600,60,40,False,promotion_pulse,True
PROMO-0213-1,vn:100601:1021300,71,82,27800,23,7000,60,40,False,promotion_pulse,True
PROMO-0213-2,vn:100602:1021301,74,85,57800,24,14400,60,40,False,promotion_pulse,True
PROMO-0213-3,vn:100603:1021302,77,88,119700,25,29900,60,40,False,promotion_pulse,True
PROMO-0214-1,vn:100601:1021400,78,90,44100,24,11000,60,40,False,promotion_pulse,True
PROMO-0214-2,vn:100602:1021401,81,93,91400,25,22800,60,40,False,promotion_pulse,True
PROMO-0214-3,vn:100603:1021402,84,96,23700,8,5900,60,40,False,promotion_pulse,True
PROMO-0215-1,id:900701:2021500,85,98,71300,25,17800,60,40,False,promotion_pulse,True
PROMO-0215-2,id:900702:2021501,88,101,18500,8,4600,60,40,False,promotion_pulse,True
PROMO-0215-3,id:900703:2021502,91,104,19100,9,4800,60,40,False,promotion_pulse,True
PROMO-0216-1,vn:100601:1021600,92,97,32600,8,8100,60,40,False,promotion_pulse,True
PROMO-0216-2,vn:100602:1021601,95,100,33800,9,8400,60,40,False,promotion_pulse,True
PROMO-0216-3,vn:100603:1021602,98,103,69800,10,17500,60,40,False,promotion_pulse,True
PROMO-0217-1,vn:100601:1021700,99,105,25800,9,6400,60,40,False,promotion_pulse,True
PROMO-0217-2,vn:100602:1021701,102,108,53400,10,13300,60,40,False,promotion_pulse,True
PROMO-0217-3,vn:100603:1021702,105,111,110500,11,27600,60,40,False,promotion_pulse,True
PROMO-0218-1,id:900201:2021800,106,113,24900,10,6200,60,40,False,promotion_pulse,True
PROMO-0218-2,id:900202:2021801,109,116,51600,11,12900,60,40,False,promotion_pulse,True
PROMO-0218-3,id:900203:2021802,27,34,13400,12,3300,60,40,False,promotion_pulse,True
PROMO-0219-1,id:900701:2021900,28,36,49800,11,12400,60,40,False,promotion_pulse,True
PROMO-0219-2,id:900702:2021901,31,39,12900,12,3200,60,40,False,promotion_pulse,True
PROMO-0219-3,id:900703:2021902,34,42,13400,13,3300,60,40,False,promotion_pulse,True
PROMO-0220-1,id:900701:2022000,35,44,14600,12,3600,60,40,False,promotion_pulse,True
PROMO-0220-2,id:900702:2022001,38,47,15100,13,3800,60,40,False,promotion_pulse,True
PROMO-0220-3,id:900703:2022002,41,50,31300,14,7800,60,40,False,promotion_pulse,True
PROMO-0221-1,vn:100401:1022100,42,52,22600,13,5600,60,40,False,promotion_pulse,True
PROMO-0221-2,vn:100402:1022101,45,55,46700,14,11700,60,40,False,promotion_pulse,True
PROMO-0221-3,vn:100403:1022102,48,58,96700,15,24200,60,40,False,promotion_pulse,True
PROMO-0222-1,id:900701:2022200,49,60,24900,14,6200,60,40,False,promotion_pulse,True
PROMO-0222-2,id:900702:2022201,52,63,51600,15,12900,60,40,False,promotion_pulse,True
PROMO-0222-3,id:900703:2022202,55,66,13400,16,3300,60,40,False,promotion_pulse,True
PROMO-0223-1,vn:100601:1022300,56,68,124200,15,31000,60,40,False,promotion_pulse,True
PROMO-0223-2,vn:100602:1022301,59,71,32200,16,8000,60,40,False,promotion_pulse,True
PROMO-0223-3,vn:100603:1022302,62,74,33300,17,8300,60,40,False,promotion_pulse,True
PROMO-0224-1,vn:100001:1022400,63,76,25300,16,6300,60,40,False,promotion_pulse,True
PROMO-0224-2,vn:100002:1022401,66,79,26200,17,6500,60,40,False,promotion_pulse,True
PROMO-0224-3,vn:100003:1022402,69,82,54200,18,13600,60,40,False,promotion_pulse,True
PROMO-0225-1,vn:100601:1022500,70,75,23000,17,5700,60,40,False,promotion_pulse,True
PROMO-0225-2,vn:100602:1022501,73,78,47600,18,11900,60,40,False,promotion_pulse,True
PROMO-0225-3,vn:100603:1022502,76,81,98600,19,24700,60,40,False,promotion_pulse,True
PROMO-0226-1,id:900201:2022600,77,83,22100,18,5500,60,40,False,promotion_pulse,True
PROMO-0226-2,id:900202:2022601,80,86,45800,19,11400,60,40,False,promotion_pulse,True
PROMO-0226-3,id:900203:2022602,83,89,11800,20,3000,60,40,False,promotion_pulse,True
PROMO-0227-1,vn:100301:1022700,84,91,131800,19,33000,60,40,False,promotion_pulse,True
PROMO-0227-2,vn:100302:1022701,87,94,34200,20,8500,60,40,False,promotion_pulse,True
PROMO-0227-3,vn:100303:1022702,90,97,35400,21,8800,60,40,False,promotion_pulse,True
PROMO-0228-1,vn:100601:1022800,91,99,30600,20,7700,60,40,False,promotion_pulse,True
PROMO-0228-2,vn:100602:1022801,94,102,31800,21,7900,60,40,False,promotion_pulse,True
PROMO-0228-3,vn:100603:1022802,97,105,65800,22,16400,60,40,False,promotion_pulse,True
PROMO-0229-1,vn:100601:1022900,98,107,24800,21,6200,60,40,False,promotion_pulse,True
PROMO-0229-2,vn:100602:1022901,101,110,51400,22,12900,60,40,False,promotion_pulse,True
PROMO-0229-3,vn:100603:1022902,104,113,106500,23,26600,60,40,False,promotion_pulse,True
PROMO-0230-1,vn:100601:1023000,105,115,71800,22,17900,60,40,False,promotion_pulse,True
PROMO-0230-2,vn:100602:1023001,108,118,148700,23,37200,60,40,False,promotion_pulse,True
PROMO-0230-3,vn:100603:1023002,26,36,38500,24,9600,60,40,False,promotion_pulse,True
PROMO-0231-1,vn:100601:1023100,27,38,121400,23,30300,60,40,False,promotion_pulse,True
PROMO-0231-2,vn:100602:1023101,30,41,31400,24,7900,60,40,False,promotion_pulse,True
PROMO-0231-3,vn:100603:1023102,33,44,32600,25,8100,60,40,False,promotion_pulse,True
PROMO-0232-1,vn:100601:1023200,34,46,29700,24,7400,60,40,False,promotion_pulse,True
PROMO-0232-2,vn:100602:1023201,37,49,30700,25,7700,60,40,False,promotion_pulse,True
PROMO-0232-3,vn:100603:1023202,40,52,63600,8,15900,60,40,False,promotion_pulse,True
PROMO-0233-1,vn:100601:1023300,41,54,24200,25,6100,60,40,False,promotion_pulse,True
PROMO-0233-2,vn:100602:1023301,44,57,50300,8,12600,60,40,False,promotion_pulse,True
PROMO-0233-3,vn:100603:1023302,47,60,104200,9,26000,60,40,False,promotion_pulse,True
PROMO-0234-1,id:900201:2023400,48,53,29200,8,7300,60,40,False,promotion_pulse,True
PROMO-0234-2,id:900202:2023401,51,56,60500,9,15100,60,40,False,promotion_pulse,True
PROMO-0234-3,id:900203:2023402,54,59,15700,10,3900,60,40,False,promotion_pulse,True
PROMO-0235-1,vn:100001:1023500,55,61,132400,9,33100,60,40,False,promotion_pulse,True
PROMO-0235-2,vn:100002:1023501,58,64,34300,10,8600,60,40,False,promotion_pulse,True
PROMO-0235-3,vn:100003:1023502,61,67,35500,11,8900,60,40,False,promotion_pulse,True
PROMO-0236-1,vn:100601:1023600,62,69,15900,10,4000,60,40,False,promotion_pulse,True
PROMO-0236-2,vn:100602:1023601,65,72,16500,11,4100,60,40,False,promotion_pulse,True
PROMO-0236-3,vn:100603:1023602,68,75,34200,12,8500,60,40,False,promotion_pulse,True
PROMO-0237-1,id:900101:2023700,69,77,17800,11,4500,60,40,False,promotion_pulse,True
PROMO-0237-2,id:900102:2023701,72,80,37000,12,9200,60,40,False,promotion_pulse,True
PROMO-0237-3,id:900103:2023702,75,83,76500,13,19100,60,40,False,promotion_pulse,True
PROMO-0238-1,vn:100401:1023800,76,85,53400,12,13300,60,40,False,promotion_pulse,True
PROMO-0238-2,vn:100402:1023801,79,88,110600,13,27700,60,40,False,promotion_pulse,True
PROMO-0238-3,vn:100403:1023802,82,91,28600,14,7200,60,40,False,promotion_pulse,True
PROMO-0239-1,vn:100301:1023900,83,93,169300,13,42300,60,40,False,promotion_pulse,True
PROMO-0239-2,vn:100302:1023901,86,96,43800,14,11000,60,40,False,promotion_pulse,True
PROMO-0239-3,vn:100303:1023902,89,99,45400,15,11400,60,40,False,promotion_pulse,True
PROMO-0240-1,id:900201:2024000,90,101,11000,14,2800,60,40,False,promotion_pulse,True
PROMO-0240-2,id:900202:2024001,93,104,11400,15,2900,60,40,False,promotion_pulse,True
PROMO-0240-3,id:900203:2024002,96,107,23700,16,5900,60,40,False,promotion_pulse,True
PROMO-0241-1,vn:100601:1024100,97,109,24200,15,6000,60,40,False,promotion_pulse,True
PROMO-0241-2,vn:100602:1024101,100,112,50200,16,12500,60,40,False,promotion_pulse,True
PROMO-0241-3,vn:100603:1024102,103,115,103800,17,26000,60,40,False,promotion_pulse,True
PROMO-0242-1,vn:100601:1024200,104,117,55400,16,13900,60,40,False,promotion_pulse,True
PROMO-0242-2,vn:100602:1024201,107,119,115000,17,28700,60,40,False,promotion_pulse,True
PROMO-0242-3,vn:100603:1024202,25,38,29800,18,7400,60,40,False,promotion_pulse,True
PROMO-0243-1,vn:100301:1024300,26,31,98000,17,24500,60,40,False,promotion_pulse,True
PROMO-0243-2,vn:100302:1024301,29,34,25400,18,6300,60,40,False,promotion_pulse,True
PROMO-0243-3,vn:100303:1024302,32,37,26300,19,6600,60,40,False,promotion_pulse,True
PROMO-0244-1,vn:100601:1024400,33,39,24200,18,6100,60,40,False,promotion_pulse,True
PROMO-0244-2,vn:100602:1024401,36,42,25200,19,6300,60,40,False,promotion_pulse,True
PROMO-0244-3,vn:100603:1024402,39,45,52100,20,13000,60,40,False,promotion_pulse,True
PROMO-0245-1,vn:100501:1024500,40,47,25800,19,6400,60,40,False,promotion_pulse,True
PROMO-0245-2,vn:100502:1024501,43,50,53400,20,13300,60,40,False,promotion_pulse,True
PROMO-0245-3,vn:100503:1024502,46,53,110500,21,27600,60,40,False,promotion_pulse,True
PROMO-0246-1,vn:100401:1024600,47,55,71400,20,17900,60,40,False,promotion_pulse,True
PROMO-0246-2,vn:100402:1024601,50,58,148100,21,37000,60,40,False,promotion_pulse,True
PROMO-0246-3,vn:100403:1024602,53,61,38300,22,9600,60,40,False,promotion_pulse,True
PROMO-0247-1,vn:100601:1024700,54,63,103800,21,26000,60,40,False,promotion_pulse,True
PROMO-0247-2,vn:100602:1024701,57,66,26900,22,6700,60,40,False,promotion_pulse,True
PROMO-0247-3,vn:100603:1024702,60,69,27800,23,7000,60,40,False,promotion_pulse,True
PROMO-0248-1,id:900701:2024800,61,71,12500,22,3100,60,40,False,promotion_pulse,True
PROMO-0248-2,id:900702:2024801,64,74,12900,23,3200,60,40,False,promotion_pulse,True
PROMO-0248-3,id:900703:2024802,67,77,26700,24,6700,60,40,False,promotion_pulse,True
PROMO-0249-1,vn:100301:1024900,68,79,41600,23,10400,60,40,False,promotion_pulse,True
PROMO-0249-2,vn:100302:1024901,71,82,86300,24,21600,60,40,False,promotion_pulse,True
PROMO-0249-3,vn:100303:1024902,74,85,178700,25,44700,60,40,False,promotion_pulse,True
PROMO-0250-1,vn:100601:1025000,75,87,45600,24,11400,60,40,False,promotion_pulse,True
PROMO-0250-2,vn:100602:1025001,78,90,94600,25,23600,60,40,False,promotion_pulse,True
PROMO-0250-3,vn:100603:1025002,81,93,24500,8,6100,60,40,False,promotion_pulse,True
