offer_id,variation_option,pack_count,variation_price,is_default_option,ground_truth_selected_option,is_synthetic
vn:100501:1000100,Combo 1,1,37300,True,Combo 1,True
vn:100502:1000101,Combo 2,2,77400,True,Combo 2,True
vn:100503:1000102,Combo 4,4,160100,True,Combo 4,True
vn:100601:1000200,Combo 2,2,55800,True,Combo 2,True
vn:100602:1000201,Combo 4,4,115700,True,Combo 4,True
vn:100603:1000202,Combo 1,1,29900,True,Combo 1,True
vn:100301:1000300,Combo 4,4,107500,True,Combo 4,True
vn:100302:1000301,Combo 1,1,27900,True,Combo 1,True
vn:100303:1000302,Combo 1,1,28800,True,Combo 1,True
vn:100303:1000302,Combo 2,2,56400,False,Combo 1,True
vn:100303:1000302,Combo 3,3,83000,False,Combo 1,True
vn:100301:1000400,Combo 1,1,38600,True,Combo 1,True
vn:100302:1000401,Combo 1,1,40000,True,Combo 1,True
vn:100302:1000401,Combo 2,2,78400,False,Combo 1,True
vn:100302:1000401,Combo 3,3,115200,False,Combo 1,True
vn:100303:1000402,Combo 2,2,82800,True,Combo 2,True
vn:100601:1000500,Combo 1,1,32400,True,Combo 1,True
vn:100601:1000500,Combo 2,2,63500,False,Combo 1,True
vn:100601:1000500,Combo 3,3,93400,False,Combo 1,True
vn:100602:1000501,Combo 2,2,67300,True,Combo 2,True
vn:100603:1000502,Combo 4,4,139300,True,Combo 4,True
vn:100301:1000600,Combo 2,2,102400,True,Combo 2,True
vn:100302:1000601,Combo 4,4,212200,True,Combo 4,True
vn:100303:1000602,Combo 1,1,54900,True,Combo 1,True
vn:100001:1000700,Combo 4,4,136700,True,Combo 4,True
vn:100002:1000701,Combo 1,1,35400,True,Combo 1,True
vn:100003:1000702,Combo 1,1,36700,True,Combo 1,True
vn:100001:1000800,Combo 1,1,35000,True,Combo 1,True
vn:100002:1000801,Combo 1,1,36300,True,Combo 1,True
vn:100003:1000802,Combo 2,2,75200,True,Combo 2,True
vn:100003:1000802,Combo 4,4,147400,False,Combo 2,True
vn:100003:1000802,Combo 6,6,216700,False,Combo 2,True
vn:100601:1000900,Combo 1,1,36400,True,Combo 1,True
vn:100602:1000901,Combo 2,2,75400,True,Combo 2,True
vn:100602:1000901,Combo 4,4,147800,False,Combo 2,True
vn:100602:1000901,Combo 6,6,217200,False,Combo 2,True
vn:100603:1000902,Combo 4,4,156200,True,Combo 4,True
vn:100501:1001000,Combo 2,2,98000,True,Combo 2,True
vn:100501:1001000,Combo 4,4,192100,False,Combo 2,True
vn:100501:1001000,Combo 6,6,282400,False,Combo 2,True
vn:100502:1001001,Combo 4,4,203200,True,Combo 4,True
vn:100503:1001002,Combo 1,1,52600,True,Combo 1,True
vn:100601:1001100,Combo 4,4,112500,True,Combo 4,True
vn:100602:1001101,Combo 1,1,29200,True,Combo 1,True
vn:100603:1001102,Combo 1,1,30200,True,Combo 1,True
vn:100601:1001200,Combo 1,1,32300,True,Combo 1,True
vn:100602:1001201,Combo 1,1,33400,True,Combo 1,True
vn:100603:1001202,Combo 2,2,69200,True,Combo 2,True
vn:100001:1001300,Combo 1,1,39600,True,Combo 1,True
vn:100002:1001301,Combo 2,2,82200,True,Combo 2,True
vn:100003:1001302,Combo 4,4,170200,True,Combo 4,True
vn:100003:1001302,Combo 8,8,333600,False,Combo 4,True
vn:100003:1001302,Combo 12,12,490400,False,Combo 4,True
vn:100601:1001400,Combo 2,2,57500,True,Combo 2,True
vn:100602:1001401,Combo 4,4,119200,True,Combo 4,True
vn:100602:1001401,Combo 8,8,233600,False,Combo 4,True
vn:100602:1001401,Combo 12,12,343400,False,Combo 4,True
vn:100603:1001402,Combo 1,1,30900,True,Combo 1,True
id:900201:2001500,Combo 4,4,73000,True,Combo 4,True
id:900201:2001500,Combo 8,8,143100,False,Combo 4,True
id:900201:2001500,Combo 12,12,210300,False,Combo 4,True
id:900202:2001501,Combo 1,1,18900,True,Combo 1,True
id:900203:2001502,Combo 1,1,19600,True,Combo 1,True
vn:100601:1001600,Combo 1,1,30000,True,Combo 1,True
vn:100602:1001601,Combo 1,1,31100,True,Combo 1,True
vn:100603:1001602,Combo 2,2,64400,True,Combo 2,True
vn:100601:1001700,Combo 1,1,30500,True,Combo 1,True
vn:100602:1001701,Combo 2,2,63100,True,Combo 2,True
vn:100603:1001702,Combo 4,4,130700,True,Combo 4,True
id:900701:2001800,Combo 2,2,36500,True,Combo 2,True
id:900702:2001801,Combo 4,4,75600,True,Combo 4,True
id:900703:2001802,Combo 1,1,19600,True,Combo 1,True
id:900703:2001802,Combo 2,2,38400,False,Combo 1,True
id:900703:2001802,Combo 3,3,56500,False,Combo 1,True
vn:100501:1001900,Combo 4,4,189100,True,Combo 4,True
vn:100502:1001901,Combo 1,1,49000,True,Combo 1,True
vn:100502:1001901,Combo 2,2,96000,False,Combo 1,True
vn:100502:1001901,Combo 3,3,141200,False,Combo 1,True
vn:100503:1001902,Combo 1,1,50700,True,Combo 1,True
vn:100601:1002000,Combo 1,1,31000,True,Combo 1,True
vn:100601:1002000,Combo 2,2,60800,False,Combo 1,True
vn:100601:1002000,Combo 3,3,89300,False,Combo 1,True
vn:100602:1002001,Combo 1,1,32100,True,Combo 1,True
vn:100603:1002002,Combo 2,2,66500,True,Combo 2,True
id:900201:2002100,Combo 1,1,22300,True,Combo 1,True
id:900202:2002101,Combo 2,2,46200,True,Combo 2,True
id:900203:2002102,Combo 4,4,95600,True,Combo 4,True
vn:100301:1002200,Combo 2,2,48600,True,Combo 2,True
vn:100302:1002201,Combo 4,4,100700,True,Combo 4,True
vn:100303:1002202,Combo 1,1,26100,True,Combo 1,True
vn:100401:1002300,Combo 4,4,140400,True,Combo 4,True
vn:100402:1002301,Combo 1,1,36400,True,Combo 1,True
vn:100403:1002302,Combo 1,1,37700,True,Combo 1,True
vn:100403:1002302,Combo 2,2,73900,False,Combo 1,True
vn:100403:1002302,Combo 3,3,108600,False,Combo 1,True
vn:100401:1002400,Combo 1,1,29000,True,Combo 1,True
vn:100402:1002401,Combo 1,1,30100,True,Combo 1,True
vn:100402:1002401,Combo 2,2,59000,False,Combo 1,True
vn:100402:1002401,Combo 3,3,86700,False,Combo 1,True
vn:100403:1002402,Combo 2,2,62300,True,Combo 2,True
vn:100501:1002500,Combo 1,1,27500,True,Combo 1,True
vn:100501:1002500,Combo 2,2,53900,False,Combo 1,True
vn:100501:1002500,Combo 3,3,79200,False,Combo 1,True
vn:100502:1002501,Combo 2,2,57100,True,Combo 2,True
vn:100503:1002502,Combo 4,4,118200,True,Combo 4,True
vn:100501:1002600,Combo 2,2,66100,True,Combo 2,True
vn:100502:1002601,Combo 4,4,137000,True,Combo 4,True
vn:100503:1002602,Combo 1,1,35500,True,Combo 1,True
vn:100601:1002700,Combo 4,4,114900,True,Combo 4,True
vn:100602:1002701,Combo 1,1,29800,True,Combo 1,True
vn:100603:1002702,Combo 1,1,30800,True,Combo 1,True
vn:100601:1002800,Combo 1,1,36600,True,Combo 1,True
vn:100602:1002801,Combo 1,1,37900,True,Combo 1,True
vn:100603:1002802,Combo 2,2,78500,True,Combo 2,True
vn:100603:1002802,Combo 4,4,153900,False,Combo 2,True
vn:100603:1002802,Combo 6,6,226200,False,Combo 2,True
vn:100601:1002900,Combo 1,1,21600,True,Combo 1,True
vn:100602:1002901,Combo 2,2,44800,True,Combo 2,True
vn:100602:1002901,Combo 4,4,87800,False,Combo 2,True
vn:100602:1002901,Combo 6,6,129100,False,Combo 2,True
vn:100603:1002902,Combo 4,4,92700,True,Combo 4,True
vn:100001:1003000,Combo 2,2,99500,True,Combo 2,True
vn:100001:1003000,Combo 4,4,195000,False,Combo 2,True
vn:100001:1003000,Combo 6,6,286700,False,Combo 2,True
vn:100002:1003001,Combo 4,4,206200,True,Combo 4,True
vn:100003:1003002,Combo 1,1,53400,True,Combo 1,True
id:900201:2003100,Combo 4,4,62200,True,Combo 4,True
id:900202:2003101,Combo 1,1,16100,True,Combo 1,True
id:900203:2003102,Combo 1,1,16700,True,Combo 1,True
id:900201:2003200,Combo 1,1,22300,True,Combo 1,True
id:900202:2003201,Combo 1,1,23100,True,Combo 1,True
id:900203:2003202,Combo 2,2,47800,True,Combo 2,True
vn:100401:1003300,Combo 1,1,41200,True,Combo 1,True
vn:100402:1003301,Combo 2,2,85400,True,Combo 2,True
vn:100403:1003302,Combo 4,4,176700,True,Combo 4,True
vn:100403:1003302,Combo 8,8,346300,False,Combo 4,True
vn:100403:1003302,Combo 12,12,509100,False,Combo 4,True
vn:100601:1003400,Combo 2,2,48200,True,Combo 2,True
vn:100602:1003401,Combo 4,4,99900,True,Combo 4,True
vn:100602:1003401,Combo 8,8,195800,False,Combo 4,True
vn:100602:1003401,Combo 12,12,287800,False,Combo 4,True
vn:100603:1003402,Combo 1,1,25900,True,Combo 1,True
vn:100301:1003500,Combo 4,4,116800,True,Combo 4,True
vn:100301:1003500,Combo 8,8,228900,False,Combo 4,True
vn:100301:1003500,Combo 12,12,336500,False,Combo 4,True
vn:100302:1003501,Combo 1,1,30300,True,Combo 1,True
vn:100303:1003502,Combo 1,1,31300,True,Combo 1,True
vn:100601:1003600,Combo 1,1,28300,True,Combo 1,True
vn:100602:1003601,Combo 1,1,29300,True,Combo 1,True
vn:100603:1003602,Combo 2,2,60700,True,Combo 2,True
id:900101:2003700,Combo 1,1,18200,True,Combo 1,True
id:900102:2003701,Combo 2,2,37800,True,Combo 2,True
id:900103:2003702,Combo 4,4,78300,True,Combo 4,True
id:900101:2003800,Combo 2,2,44500,True,Combo 2,True
id:900102:2003801,Combo 4,4,92300,True,Combo 4,True
id:900103:2003802,Combo 1,1,23900,True,Combo 1,True
id:900103:2003802,Combo 2,2,46800,False,Combo 1,True
id:900103:2003802,Combo 3,3,68900,False,Combo 1,True
vn:100501:1003900,Combo 4,4,227900,True,Combo 4,True
vn:100502:1003901,Combo 1,1,59100,True,Combo 1,True
vn:100502:1003901,Combo 2,2,115800,False,Combo 1,True
vn:100502:1003901,Combo 3,3,170300,False,Combo 1,True
vn:100503:1003902,Combo 1,1,61100,True,Combo 1,True
vn:100601:1004000,Combo 1,1,44000,True,Combo 1,True
vn:100601:1004000,Combo 2,2,86200,False,Combo 1,True
vn:100601:1004000,Combo 3,3,126800,False,Combo 1,True
vn:100602:1004001,Combo 1,1,45600,True,Combo 1,True
vn:100603:1004002,Combo 2,2,94300,True,Combo 2,True
id:900701:2004100,Combo 1,1,18200,True,Combo 1,True
id:900702:2004101,Combo 2,2,37800,True,Combo 2,True
id:900703:2004102,Combo 4,4,78300,True,Combo 4,True
id:900201:2004200,Combo 2,2,27600,True,Combo 2,True
id:900202:2004201,Combo 4,4,57200,True,Combo 4,True
id:900203:2004202,Combo 1,1,14800,True,Combo 1,True
vn:100501:1004300,Combo 4,4,217600,True,Combo 4,True
vn:100502:1004301,Combo 1,1,56400,True,Combo 1,True
vn:100503:1004302,Combo 1,1,58400,True,Combo 1,True
vn:100503:1004302,Combo 2,2,114500,False,Combo 1,True
vn:100503:1004302,Combo 3,3,168300,False,Combo 1,True
id:900701:2004400,Combo 1,1,22300,True,Combo 1,True
id:900702:2004401,Combo 1,1,23100,True,Combo 1,True
id:900702:2004401,Combo 2,2,45300,False,Combo 1,True
id:900702:2004401,Combo 3,3,66600,False,Combo 1,True
id:900703:2004402,Combo 2,2,47800,True,Combo 2,True
vn:100401:1004500,Combo 1,1,42000,True,Combo 1,True
vn:100401:1004500,Combo 2,2,82300,False,Combo 1,True
vn:100401:1004500,Combo 3,3,121000,False,Combo 1,True
vn:100402:1004501,Combo 2,2,87200,True,Combo 2,True
vn:100403:1004502,Combo 4,4,180500,True,Combo 4,True
vn:100601:1004600,Combo 2,2,55800,True,Combo 2,True
vn:100602:1004601,Combo 4,4,115700,True,Combo 4,True
vn:100603:1004602,Combo 1,1,29900,True,Combo 1,True
vn:100601:1004700,Combo 4,4,108000,True,Combo 4,True
vn:100602:1004701,Combo 1,1,28000,True,Combo 1,True
vn:100603:1004702,Combo 1,1,29000,True,Combo 1,True
vn:100001:1004800,Combo 1,1,41400,True,Combo 1,True
vn:100002:1004801,Combo 1,1,42900,True,Combo 1,True
vn:100003:1004802,Combo 2,2,88800,True,Combo 2,True
vn:100003:1004802,Combo 4,4,174000,False,Combo 2,True
vn:100003:1004802,Combo 6,6,255900,False,Combo 2,True
vn:100301:1004900,Combo 1,1,42200,True,Combo 1,True
vn:100302:1004901,Combo 2,2,87600,True,Combo 2,True
vn:100302:1004901,Combo 4,4,171700,False,Combo 2,True
vn:100302:1004901,Combo 6,6,252400,False,Combo 2,True
vn:100303:1004902,Combo 4,4,181300,True,Combo 4,True
vn:100601:1005000,Combo 2,2,53600,True,Combo 2,True
vn:100601:1005000,Combo 4,4,105100,False,Combo 2,True
vn:100601:1005000,Combo 6,6,154400,False,Combo 2,True
vn:100602:1005001,Combo 4,4,111000,True,Combo 4,True
vn:100603:1005002,Combo 1,1,28700,True,Combo 1,True
id:900201:2005100,Combo 4,4,62200,True,Combo 4,True
id:900202:2005101,Combo 1,1,16100,True,Combo 1,True
id:900203:2005102,Combo 1,1,16700,True,Combo 1,True
id:900101:2005200,Combo 1,1,22300,True,Combo 1,True
id:900102:2005201,Combo 1,1,23100,True,Combo 1,True
id:900103:2005202,Combo 2,2,47800,True,Combo 2,True
id:900101:2005300,Combo 1,1,25000,True,Combo 1,True
id:900102:2005301,Combo 2,2,51700,True,Combo 2,True
id:900103:2005302,Combo 4,4,107100,True,Combo 4,True
id:900103:2005302,Combo 8,8,209900,False,Combo 4,True
id:900103:2005302,Combo 12,12,308600,False,Combo 4,True
vn:100001:1005400,Combo 2,2,102900,True,Combo 2,True
vn:100002:1005401,Combo 4,4,213300,True,Combo 4,True
vn:100002:1005401,Combo 8,8,418100,False,Combo 4,True
vn:100002:1005401,Combo 12,12,614600,False,Combo 4,True
vn:100003:1005402,Combo 1,1,55200,True,Combo 1,True
vn:100601:1005500,Combo 4,4,101100,True,Combo 4,True
vn:100601:1005500,Combo 8,8,198200,False,Combo 4,True
vn:100601:1005500,Combo 12,12,291300,False,Combo 4,True
vn:100602:1005501,Combo 1,1,26200,True,Combo 1,True
vn:100603:1005502,Combo 1,1,27100,True,Combo 1,True
id:900201:2005600,Combo 1,1,22300,True,Combo 1,True
id:900202:2005601,Combo 1,1,23100,True,Combo 1,True
id:900203:2005602,Combo 2,2,47800,True,Combo 2,True
vn:100001:1005700,Combo 1,1,44500,True,Combo 1,True
vn:100002:1005701,Combo 2,2,92300,True,Combo 2,True
vn:100003:1005702,Combo 4,4,191200,True,Combo 4,True
id:900101:2005800,Combo 2,2,36500,True,Combo 2,True
id:900102:2005801,Combo 4,4,75600,True,Combo 4,True
id:900103:2005802,Combo 1,1,19600,True,Combo 1,True
id:900103:2005802,Combo 2,2,38400,False,Combo 1,True
id:900103:2005802,Combo 3,3,56500,False,Combo 1,True
vn:100301:1005900,Combo 4,4,123700,True,Combo 4,True
vn:100302:1005901,Combo 1,1,32100,True,Combo 1,True
vn:100302:1005901,Combo 2,2,62900,False,Combo 1,True
vn:100302:1005901,Combo 3,3,92500,False,Combo 1,True
vn:100303:1005902,Combo 1,1,33200,True,Combo 1,True
id:900101:2006000,Combo 1,1,25000,True,Combo 1,True
id:900101:2006000,Combo 2,2,49000,False,Combo 1,True
id:900101:2006000,Combo 3,3,72000,False,Combo 1,True
id:900102:2006001,Combo 1,1,25900,True,Combo 1,True
id:900103:2006002,Combo 2,2,53600,True,Combo 2,True
vn:100301:1006100,Combo 1,1,40300,True,Combo 1,True
vn:100302:1006101,Combo 2,2,83600,True,Combo 2,True
vn:100303:1006102,Combo 4,4,173100,True,Combo 4,True
vn:100601:1006200,Combo 2,2,62600,True,Combo 2,True
vn:100602:1006201,Combo 4,4,129800,True,Combo 4,True
vn:100603:1006202,Combo 1,1,33600,True,Combo 1,True
vn:100501:1006300,Combo 4,4,127400,True,Combo 4,True
vn:100502:1006301,Combo 1,1,33000,True,Combo 1,True
vn:100503:1006302,Combo 1,1,34200,True,Combo 1,True
vn:100503:1006302,Combo 2,2,67000,False,Combo 1,True
vn:100503:1006302,Combo 3,3,98500,False,Combo 1,True
vn:100601:1006400,Combo 1,1,39200,True,Combo 1,True
vn:100602:1006401,Combo 1,1,40600,True,Combo 1,True
vn:100602:1006401,Combo 2,2,79600,False,Combo 1,True
vn:100602:1006401,Combo 3,3,117000,False,Combo 1,True
vn:100603:1006402,Combo 2,2,84000,True,Combo 2,True
vn:100601:1006500,Combo 1,1,34300,True,Combo 1,True
vn:100601:1006500,Combo 2,2,67200,False,Combo 1,True
vn:100601:1006500,Combo 3,3,98800,False,Combo 1,True
vn:100602:1006501,Combo 2,2,71100,True,Combo 2,True
vn:100603:1006502,Combo 4,4,147300,True,Combo 4,True
id:900201:2006600,Combo 2,2,36500,True,Combo 2,True
id:900202:2006601,Combo 4,4,75600,True,Combo 4,True
id:900203:2006602,Combo 1,1,19600,True,Combo 1,True
vn:100601:1006700,Combo 4,4,129000,True,Combo 4,True
vn:100602:1006701,Combo 1,1,33400,True,Combo 1,True
vn:100603:1006702,Combo 1,1,34600,True,Combo 1,True
id:900101:2006800,Combo 1,1,25000,True,Combo 1,True
id:900102:2006801,Combo 1,1,25900,True,Combo 1,True
id:900103:2006802,Combo 2,2,53600,True,Combo 2,True
id:900103:2006802,Combo 4,4,105100,False,Combo 2,True
id:900103:2006802,Combo 6,6,154400,False,Combo 2,True
id:900701:2006900,Combo 1,1,22300,True,Combo 1,True
id:900702:2006901,Combo 2,2,46200,True,Combo 2,True
id:900702:2006901,Combo 4,4,90600,False,Combo 2,True
id:900702:2006901,Combo 6,6,133100,False,Combo 2,True
id:900703:2006902,Combo 4,4,95600,True,Combo 4,True
vn:100301:1007000,Combo 2,2,61900,True,Combo 2,True
vn:100301:1007000,Combo 4,4,121300,False,Combo 2,True
vn:100301:1007000,Combo 6,6,178300,False,Combo 2,True
vn:100302:1007001,Combo 4,4,128200,True,Combo 4,True
vn:100303:1007002,Combo 1,1,33200,True,Combo 1,True
vn:100601:1007100,Combo 4,4,142800,True,Combo 4,True
vn:100602:1007101,Combo 1,1,37000,True,Combo 1,True
vn:100603:1007102,Combo 1,1,38300,True,Combo 1,True
id:900201:2007200,Combo 1,1,18200,True,Combo 1,True
id:900202:2007201,Combo 1,1,18900,True,Combo 1,True
id:900203:2007202,Combo 2,2,39100,True,Combo 2,True
id:900201:2007300,Combo 1,1,18200,True,Combo 1,True
id:900202:2007301,Combo 2,2,37800,True,Combo 2,True
id:900203:2007302,Combo 4,4,78300,True,Combo 4,True
id:900203:2007302,Combo 8,8,153500,False,Combo 4,True
id:900203:2007302,Combo 12,12,225600,False,Combo 4,True
vn:100301:1007400,Combo 2,2,89700,True,Combo 2,True
vn:100302:1007401,Combo 4,4,185900,True,Combo 4,True
vn:100302:1007401,Combo 8,8,364400,False,Combo 4,True
vn:100302:1007401,Combo 12,12,535600,False,Combo 4,True
vn:100303:1007402,Combo 1,1,48100,True,Combo 1,True
vn:100401:1007500,Combo 4,4,168100,True,Combo 4,True
vn:100401:1007500,Combo 8,8,329500,False,Combo 4,True
vn:100401:1007500,Combo 12,12,484300,False,Combo 4,True
vn:100402:1007501,Combo 1,1,43600,True,Combo 1,True
vn:100403:1007502,Combo 1,1,45100,True,Combo 1,True
vn:100601:1007600,Combo 1,1,37300,True,Combo 1,True
vn:100602:1007601,Combo 1,1,38600,True,Combo 1,True
vn:100603:1007602,Combo 2,2,79900,True,Combo 2,True
id:900201:2007700,Combo 1,1,15600,True,Combo 1,True
id:900202:2007701,Combo 2,2,32200,True,Combo 2,True
id:900203:2007702,Combo 4,4,66700,True,Combo 4,True
vn:100601:1007800,Combo 2,2,50500,True,Combo 2,True
vn:100602:1007801,Combo 4,4,104800,True,Combo 4,True
vn:100603:1007802,Combo 1,1,27100,True,Combo 1,True
vn:100603:1007802,Combo 2,2,53100,False,Combo 1,True
vn:100603:1007802,Combo 3,3,78100,False,Combo 1,True
vn:100601:1007900,Combo 4,4,132500,True,Combo 4,True
vn:100602:1007901,Combo 1,1,34300,True,Combo 1,True
vn:100602:1007901,Combo 2,2,67200,False,Combo 1,True
vn:100602:1007901,Combo 3,3,98800,False,Combo 1,True
vn:100603:1007902,Combo 1,1,35500,True,Combo 1,True
vn:100601:1008000,Combo 1,1,25800,True,Combo 1,True
vn:100601:1008000,Combo 2,2,50600,False,Combo 1,True
vn:100601:1008000,Combo 3,3,74300,False,Combo 1,True
vn:100602:1008001,Combo 1,1,26800,True,Combo 1,True
vn:100603:1008002,Combo 2,2,55400,True,Combo 2,True
id:900701:2008100,Combo 1,1,22300,True,Combo 1,True
id:900702:2008101,Combo 2,2,46200,True,Combo 2,True
id:900703:2008102,Combo 4,4,95600,True,Combo 4,True
vn:100601:1008200,Combo 2,2,78000,True,Combo 2,True
vn:100602:1008201,Combo 4,4,161600,True,Combo 4,True
vn:100603:1008202,Combo 1,1,41800,True,Combo 1,True
vn:100601:1008300,Combo 4,4,121800,True,Combo 4,True
vn:100602:1008301,Combo 1,1,31600,True,Combo 1,True
vn:100603:1008302,Combo 1,1,32700,True,Combo 1,True
vn:100603:1008302,Combo 2,2,64100,False,Combo 1,True
vn:100603:1008302,Combo 3,3,94200,False,Combo 1,True
id:900201:2008400,Combo 1,1,15600,True,Combo 1,True
id:900202:2008401,Combo 1,1,16100,True,Combo 1,True
id:900202:2008401,Combo 2,2,31600,False,Combo 1,True
id:900202:2008401,Combo 3,3,46400,False,Combo 1,True
id:900203:2008402,Combo 2,2,33400,True,Combo 2,True
id:900701:2008500,Combo 1,1,15600,True,Combo 1,True
id:900701:2008500,Combo 2,2,30600,False,Combo 1,True
id:900701:2008500,Combo 3,3,44900,False,Combo 1,True
id:900702:2008501,Combo 2,2,32200,True,Combo 2,True
id:900703:2008502,Combo 4,4,66700,True,Combo 4,True
id:900701:2008600,Combo 2,2,36500,True,Combo 2,True
id:900702:2008601,Combo 4,4,75600,True,Combo 4,True
id:900703:2008602,Combo 1,1,19600,True,Combo 1,True
vn:100401:1008700,Combo 4,4,143800,True,Combo 4,True
vn:100402:1008701,Combo 1,1,37300,True,Combo 1,True
vn:100403:1008702,Combo 1,1,38600,True,Combo 1,True
id:900701:2008800,Combo 1,1,15600,True,Combo 1,True
id:900702:2008801,Combo 1,1,16100,True,Combo 1,True
id:900703:2008802,Combo 2,2,33400,True,Combo 2,True
id:900703:2008802,Combo 4,4,65500,False,Combo 2,True
id:900703:2008802,Combo 6,6,96200,False,Combo 2,True
vn:100601:1008900,Combo 1,1,37100,True,Combo 1,True
vn:100602:1008901,Combo 2,2,76800,True,Combo 2,True
vn:100602:1008901,Combo 4,4,150500,False,Combo 2,True
vn:100602:1008901,Combo 6,6,221300,False,Combo 2,True
vn:100603:1008902,Combo 4,4,159100,True,Combo 4,True
vn:100001:1009000,Combo 2,2,59700,True,Combo 2,True
vn:100001:1009000,Combo 4,4,117000,False,Combo 2,True
vn:100001:1009000,Combo 6,6,172000,False,Combo 2,True
vn:100002:1009001,Combo 4,4,123800,True,Combo 4,True
vn:100003:1009002,Combo 1,1,32000,True,Combo 1,True
vn:100601:1009100,Combo 4,4,108000,True,Combo 4,True
vn:100602:1009101,Combo 1,1,28000,True,Combo 1,True
vn:100603:1009102,Combo 1,1,29000,True,Combo 1,True
id:900201:2009200,Combo 1,1,13800,True,Combo 1,True
id:900202:2009201,Combo 1,1,14300,True,Combo 1,True
id:900203:2009202,Combo 2,2,29600,True,Combo 2,True
vn:100301:1009300,Combo 1,1,39500,True,Combo 1,True
vn:100302:1009301,Combo 2,2,81800,True,Combo 2,True
vn:100303:1009302,Combo 4,4,169400,True,Combo 4,True
vn:100303:1009302,Combo 8,8,332000,False,Combo 4,True
vn:100303:1009302,Combo 12,12,488100,False,Combo 4,True
vn:100601:1009400,Combo 2,2,73200,True,Combo 2,True
vn:100602:1009401,Combo 4,4,151600,True,Combo 4,True
vn:100602:1009401,Combo 8,8,297100,False,Combo 4,True
vn:100602:1009401,Combo 12,12,436800,False,Combo 4,True
vn:100603:1009402,Combo 1,1,39200,True,Combo 1,True
vn:100601:1009500,Combo 4,4,117100,True,Combo 4,True
vn:100601:1009500,Combo 8,8,229500,False,Combo 4,True
vn:100601:1009500,Combo 12,12,337400,False,Combo 4,True
vn:100602:1009501,Combo 1,1,30300,True,Combo 1,True
vn:100603:1009502,Combo 1,1,31400,True,Combo 1,True
vn:100601:1009600,Combo 1,1,43100,True,Combo 1,True
vn:100602:1009601,Combo 1,1,44700,True,Combo 1,True
vn:100603:1009602,Combo 2,2,92500,True,Combo 2,True
vn:100601:1009700,Combo 1,1,45700,True,Combo 1,True
vn:100602:1009701,Combo 2,2,94700,True,Combo 2,True
vn:100603:1009702,Combo 4,4,196100,True,Combo 4,True
vn:100601:1009800,Combo 2,2,89700,True,Combo 2,True
vn:100602:1009801,Combo 4,4,185900,True,Combo 4,True
vn:100603:1009802,Combo 1,1,48100,True,Combo 1,True
vn:100603:1009802,Combo 2,2,94300,False,Combo 1,True
vn:100603:1009802,Combo 3,3,138600,False,Combo 1,True
vn:100601:1009900,Combo 4,4,114500,True,Combo 4,True
vn:100602:1009901,Combo 1,1,29700,True,Combo 1,True
vn:100602:1009901,Combo 2,2,58200,False,Combo 1,True
vn:100602:1009901,Combo 3,3,85600,False,Combo 1,True
vn:100603:1009902,Combo 1,1,30700,True,Combo 1,True
id:900201:2010000,Combo 1,1,18200,True,Combo 1,True
id:900201:2010000,Combo 2,2,35700,False,Combo 1,True
id:900201:2010000,Combo 3,3,52400,False,Combo 1,True
id:900202:2010001,Combo 1,1,18900,True,Combo 1,True
id:900203:2010002,Combo 2,2,39100,True,Combo 2,True
vn:100001:1010100,Combo 1,1,39600,True,Combo 1,True
vn:100002:1010101,Combo 2,2,82200,True,Combo 2,True
vn:100003:1010102,Combo 4,4,170200,True,Combo 4,True
vn:100601:1010200,Combo 2,2,36300,True,Combo 2,True
vn:100602:1010201,Combo 4,4,75300,True,Combo 4,True
vn:100603:1010202,Combo 1,1,19500,True,Combo 1,True
id:900101:2010300,Combo 4,4,89100,True,Combo 4,True
id:900102:2010301,Combo 1,1,23100,True,Combo 1,True
id:900103:2010302,Combo 1,1,23900,True,Combo 1,True
id:900103:2010302,Combo 2,2,46800,False,Combo 1,True
id:900103:2010302,Combo 3,3,68900,False,Combo 1,True
vn:100401:1010400,Combo 1,1,31600,True,Combo 1,True
vn:100402:1010401,Combo 1,1,32800,True,Combo 1,True
vn:100402:1010401,Combo 2,2,64300,False,Combo 1,True
vn:100402:1010401,Combo 3,3,94500,False,Combo 1,True
vn:100403:1010402,Combo 2,2,67900,True,Combo 2,True
vn:100301:1010500,Combo 1,1,51200,True,Combo 1,True
vn:100301:1010500,Combo 2,2,100400,False,Combo 1,True
vn:100301:1010500,Combo 3,3,147500,False,Combo 1,True
vn:100302:1010501,Combo 2,2,106100,True,Combo 2,True
vn:100303:1010502,Combo 4,4,219700,True,Combo 4,True
id:900201:2010600,Combo 2,2,27600,True,Combo 2,True
id:900202:2010601,Combo 4,4,57200,True,Combo 4,True
id:900203:2010602,Combo 1,1,14800,True,Combo 1,True
vn:100601:1010700,Combo 4,4,114000,True,Combo 4,True
vn:100602:1010701,Combo 1,1,29600,True,Combo 1,True
vn:100603:1010702,Combo 1,1,30600,True,Combo 1,True
vn:100601:1010800,Combo 1,1,42400,True,Combo 1,True
vn:100602:1010801,Combo 1,1,44000,True,Combo 1,True
vn:100603:1010802,Combo 2,2,91100,True,Combo 2,True
vn:100603:1010802,Combo 4,4,178600,False,Combo 2,True
vn:100603:1010802,Combo 6,6,262500,False,Combo 2,True
vn:100301:1010900,Combo 1,1,38400,True,Combo 1,True
vn:100302:1010901,Combo 2,2,79600,True,Combo 2,True
vn:100302:1010901,Combo 4,4,156000,False,Combo 2,True
vn:100302:1010901,Combo 6,6,229300,False,Combo 2,True
vn:100303:1010902,Combo 4,4,164800,True,Combo 4,True
vn:100601:1011000,Combo 2,2,57200,True,Combo 2,True
vn:100601:1011000,Combo 4,4,112100,False,Combo 2,True
vn:100601:1011000,Combo 6,6,164800,False,Combo 2,True
vn:100602:1011001,Combo 4,4,118600,True,Combo 4,True
vn:100603:1011002,Combo 1,1,30700,True,Combo 1,True
vn:100501:1011100,Combo 4,4,121800,True,Combo 4,True
vn:100502:1011101,Combo 1,1,31600,True,Combo 1,True
vn:100503:1011102,Combo 1,1,32700,True,Combo 1,True
vn:100401:1011200,Combo 1,1,42900,True,Combo 1,True
vn:100402:1011201,Combo 1,1,44500,True,Combo 1,True
vn:100403:1011202,Combo 2,2,92100,True,Combo 2,True
vn:100601:1011300,Combo 1,1,30700,True,Combo 1,True
vn:100602:1011301,Combo 2,2,63700,True,Combo 2,True
vn:100603:1011302,Combo 4,4,131800,True,Combo 4,True
vn:100603:1011302,Combo 8,8,258300,False,Combo 4,True
vn:100603:1011302,Combo 12,12,379700,False,Combo 4,True
id:900701:2011400,Combo 2,2,31100,True,Combo 2,True
id:900702:2011401,Combo 4,4,64500,True,Combo 4,True
id:900702:2011401,Combo 8,8,126400,False,Combo 4,True
id:900702:2011401,Combo 12,12,185800,False,Combo 4,True
id:900703:2011402,Combo 1,1,16700,True,Combo 1,True
vn:100301:1011500,Combo 4,4,201300,True,Combo 4,True
vn:100301:1011500,Combo 8,8,394500,False,Combo 4,True
vn:100301:1011500,Combo 12,12,580000,False,Combo 4,True
vn:100302:1011501,Combo 1,1,52200,True,Combo 1,True
vn:100303:1011502,Combo 1,1,54000,True,Combo 1,True
vn:100601:1011600,Combo 1,1,26800,True,Combo 1,True
vn:100602:1011601,Combo 1,1,27800,True,Combo 1,True
vn:100603:1011602,Combo 2,2,57500,True,Combo 2,True
vn:100401:1011700,Combo 1,1,40300,True,Combo 1,True
vn:100402:1011701,Combo 2,2,83500,True,Combo 2,True
vn:100403:1011702,Combo 4,4,172900,True,Combo 4,True
id:900201:2011800,Combo 2,2,31100,True,Combo 2,True
id:900202:2011801,Combo 4,4,64500,True,Combo 4,True
id:900203:2011802,Combo 1,1,16700,True,Combo 1,True
id:900203:2011802,Combo 2,2,32700,False,Combo 1,True
id:900203:2011802,Combo 3,3,48100,False,Combo 1,True
vn:100301:1011900,Combo 4,4,150100,True,Combo 4,True
vn:100302:1011901,Combo 1,1,38900,True,Combo 1,True
vn:100302:1011901,Combo 2,2,76200,False,Combo 1,True
vn:100302:1011901,Combo 3,3,112100,False,Combo 1,True
vn:100303:1011902,Combo 1,1,40300,True,Combo 1,True
vn:100301:1012000,Combo 1,1,46600,True,Combo 1,True
vn:100301:1012000,Combo 2,2,91300,False,Combo 1,True
vn:100301:1012000,Combo 3,3,134300,False,Combo 1,True
vn:100302:1012001,Combo 1,1,48300,True,Combo 1,True
vn:100303:1012002,Combo 2,2,99900,True,Combo 2,True
vn:100601:1012100,Combo 1,1,15600,True,Combo 1,True
vn:100602:1012101,Combo 2,2,32300,True,Combo 2,True
vn:100603:1012102,Combo 4,4,66800,True,Combo 4,True
vn:100601:1012200,Combo 2,2,58000,True,Combo 2,True
vn:100602:1012201,Combo 4,4,120200,True,Combo 4,True
vn:100603:1012202,Combo 1,1,31100,True,Combo 1,True
id:900201:2012300,Combo 4,4,73000,True,Combo 4,True
id:900202:2012301,Combo 1,1,18900,True,Combo 1,True
id:900203:2012302,Combo 1,1,19600,True,Combo 1,True
id:900203:2012302,Combo 2,2,38400,False,Combo 1,True
id:900203:2012302,Combo 3,3,56500,False,Combo 1,True
vn:100301:1012400,Combo 1,1,26900,True,Combo 1,True
vn:100302:1012401,Combo 1,1,27900,True,Combo 1,True
vn:100302:1012401,Combo 2,2,54700,False,Combo 1,True
vn:100302:1012401,Combo 3,3,80400,False,Combo 1,True
vn:100303:1012402,Combo 2,2,57700,True,Combo 2,True
id:900101:2012500,Combo 1,1,18200,True,Combo 1,True
id:900101:2012500,Combo 2,2,35700,False,Combo 1,True
id:900101:2012500,Combo 3,3,52400,False,Combo 1,True
id:900102:2012501,Combo 2,2,37800,True,Combo 2,True
id:900103:2012502,Combo 4,4,78300,True,Combo 4,True
vn:100501:1012600,Combo 2,2,81500,True,Combo 2,True
vn:100502:1012601,Combo 4,4,169000,True,Combo 4,True
vn:100503:1012602,Combo 1,1,43700,True,Combo 1,True
vn:100501:1012700,Combo 4,4,203800,True,Combo 4,True
vn:100502:1012701,Combo 1,1,52800,True,Combo 1,True
vn:100503:1012702,Combo 1,1,54700,True,Combo 1,True
vn:100601:1012800,Combo 1,1,40700,True,Combo 1,True
vn:100602:1012801,Combo 1,1,42200,True,Combo 1,True
vn:100603:1012802,Combo 2,2,87300,True,Combo 2,True
vn:100603:1012802,Combo 4,4,171100,False,Combo 2,True
vn:100603:1012802,Combo 6,6,251500,False,Combo 2,True
id:900201:2012900,Combo 1,1,15600,True,Combo 1,True
id:900202:2012901,Combo 2,2,32200,True,Combo 2,True
id:900202:2012901,Combo 4,4,63100,False,Combo 2,True
id:900202:2012901,Combo 6,6,92800,False,Combo 2,True
id:900203:2012902,Combo 4,4,66700,True,Combo 4,True
vn:100301:1013000,Combo 2,2,75100,True,Combo 2,True
vn:100301:1013000,Combo 4,4,147200,False,Combo 2,True
vn:100301:1013000,Combo 6,6,216400,False,Combo 2,True
vn:100302:1013001,Combo 4,4,155600,True,Combo 4,True
vn:100303:1013002,Combo 1,1,40300,True,Combo 1,True
vn:100601:1013100,Combo 4,4,179400,True,Combo 4,True
vn:100602:1013101,Combo 1,1,46500,True,Combo 1,True
vn:100603:1013102,Combo 1,1,48100,True,Combo 1,True
vn:100601:1013200,Combo 1,1,37900,True,Combo 1,True
vn:100602:1013201,Combo 1,1,39300,True,Combo 1,True
vn:100603:1013202,Combo 2,2,81400,True,Combo 2,True
vn:100501:1013300,Combo 1,1,52700,True,Combo 1,True
vn:100502:1013301,Combo 2,2,109200,True,Combo 2,True
vn:100503:1013302,Combo 4,4,226000,True,Combo 4,True
vn:100503:1013302,Combo 8,8,443000,False,Combo 4,True
vn:100503:1013302,Combo 12,12,651200,False,Combo 4,True
vn:100601:1013400,Combo 2,2,46700,True,Combo 2,True
vn:100602:1013401,Combo 4,4,96700,True,Combo 4,True
vn:100602:1013401,Combo 8,8,189500,False,Combo 4,True
vn:100602:1013401,Combo 12,12,278600,False,Combo 4,True
vn:100603:1013402,Combo 1,1,25000,True,Combo 1,True
vn:100501:1013500,Combo 4,4,156200,True,Combo 4,True
vn:100501:1013500,Combo 8,8,306200,False,Combo 4,True
vn:100501:1013500,Combo 12,12,450000,False,Combo 4,True
vn:100502:1013501,Combo 1,1,40500,True,Combo 1,True
vn:100503:1013502,Combo 1,1,41900,True,Combo 1,True
vn:100601:1013600,Combo 1,1,29600,True,Combo 1,True
vn:100602:1013601,Combo 1,1,30700,True,Combo 1,True
vn:100603:1013602,Combo 2,2,63600,True,Combo 2,True
vn:100301:1013700,Combo 1,1,28600,True,Combo 1,True
vn:100302:1013701,Combo 2,2,59300,True,Combo 2,True
vn:100303:1013702,Combo 4,4,122800,True,Combo 4,True
vn:100301:1013800,Combo 2,2,80700,True,Combo 2,True
vn:100302:1013801,Combo 4,4,167200,True,Combo 4,True
vn:100303:1013802,Combo 1,1,43300,True,Combo 1,True
vn:100303:1013802,Combo 2,2,84900,False,Combo 1,True
vn:100303:1013802,Combo 3,3,124800,False,Combo 1,True
vn:100601:1013900,Combo 4,4,136700,True,Combo 4,True
vn:100602:1013901,Combo 1,1,35400,True,Combo 1,True
vn:100602:1013901,Combo 2,2,69400,False,Combo 1,True
vn:100602:1013901,Combo 3,3,102000,False,Combo 1,True
vn:100603:1013902,Combo 1,1,36700,True,Combo 1,True
vn:100301:1014000,Combo 1,1,52900,True,Combo 1,True
vn:100301:1014000,Combo 2,2,103700,False,Combo 1,True
vn:100301:1014000,Combo 3,3,152400,False,Combo 1,True
vn:100302:1014001,Combo 1,1,54800,True,Combo 1,True
vn:100303:1014002,Combo 2,2,113500,True,Combo 2,True
vn:100001:1014100,Combo 1,1,35900,True,Combo 1,True
vn:100002:1014101,Combo 2,2,74400,True,Combo 2,True
vn:100003:1014102,Combo 4,4,154100,True,Combo 4,True
vn:100001:1014200,Combo 2,2,73500,True,Combo 2,True
vn:100002:1014201,Combo 4,4,152400,True,Combo 4,True
vn:100003:1014202,Combo 1,1,39400,True,Combo 1,True
vn:100601:1014300,Combo 4,4,114500,True,Combo 4,True
vn:100602:1014301,Combo 1,1,29700,True,Combo 1,True
vn:100603:1014302,Combo 1,1,30700,True,Combo 1,True
vn:100603:1014302,Combo 2,2,60200,False,Combo 1,True
vn:100603:1014302,Combo 3,3,88500,False,Combo 1,True
vn:100501:1014400,Combo 1,1,41200,True,Combo 1,True
vn:100502:1014401,Combo 1,1,42700,True,Combo 1,True
vn:100502:1014401,Combo 2,2,83700,False,Combo 1,True
vn:100502:1014401,Combo 3,3,123000,False,Combo 1,True
vn:100503:1014402,Combo 2,2,88500,True,Combo 2,True
vn:100601:1014500,Combo 1,1,29900,True,Combo 1,True
vn:100601:1014500,Combo 2,2,58600,False,Combo 1,True
vn:100601:1014500,Combo 3,3,86100,False,Combo 1,True
vn:100602:1014501,Combo 2,2,61900,True,Combo 2,True
vn:100603:1014502,Combo 4,4,128100,True,Combo 4,True
vn:100601:1014600,Combo 2,2,68000,True,Combo 2,True
vn:100602:1014601,Combo 4,4,140900,True,Combo 4,True
vn:100603:1014602,Combo 1,1,36500,True,Combo 1,True
vn:100001:1014700,Combo 4,4,165500,True,Combo 4,True
vn:100002:1014701,Combo 1,1,42900,True,Combo 1,True
vn:100003:1014702,Combo 1,1,44400,True,Combo 1,True
vn:100601:1014800,Combo 1,1,30500,True,Combo 1,True
vn:100602:1014801,Combo 1,1,31600,True,Combo 1,True
vn:100603:1014802,Combo 2,2,65400,True,Combo 2,True
vn:100603:1014802,Combo 4,4,128200,False,Combo 2,True
vn:100603:1014802,Combo 6,6,188400,False,Combo 2,True
id:900201:2014900,Combo 1,1,18200,True,Combo 1,True
id:900202:2014901,Combo 2,2,37800,True,Combo 2,True
id:900202:2014901,Combo 4,4,74100,False,Combo 2,True
id:900202:2014901,Combo 6,6,108900,False,Combo 2,True
id:900203:2014902,Combo 4,4,78300,True,Combo 4,True
vn:100601:1015000,Combo 2,2,63500,True,Combo 2,True
vn:100601:1015000,Combo 4,4,124500,False,Combo 2,True
vn:100601:1015000,Combo 6,6,183000,False,Combo 2,True
vn:100602:1015001,Combo 4,4,131500,True,Combo 4,True
vn:100603:1015002,Combo 1,1,34000,True,Combo 1,True
vn:100601:1015100,Combo 4,4,128700,True,Combo 4,True
vn:100602:1015101,Combo 1,1,33400,True,Combo 1,True
vn:100603:1015102,Combo 1,1,34500,True,Combo 1,True
id:900701:2015200,Combo 1,1,18200,True,Combo 1,True
id:900702:2015201,Combo 1,1,18900,True,Combo 1,True
id:900703:2015202,Combo 2,2,39100,True,Combo 2,True
vn:100501:1015300,Combo 1,1,49000,True,Combo 1,True
vn:100502:1015301,Combo 2,2,101600,True,Combo 2,True
vn:100503:1015302,Combo 4,4,210300,True,Combo 4,True
vn:100503:1015302,Combo 8,8,412200,False,Combo 4,True
vn:100503:1015302,Combo 12,12,605900,False,Combo 4,True
vn:100601:1015400,Combo 2,2,46500,True,Combo 2,True
vn:100602:1015401,Combo 4,4,96300,True,Combo 4,True
vn:100602:1015401,Combo 8,8,188700,False,Combo 4,True
vn:100602:1015401,Combo 12,12,277500,False,Combo 4,True
vn:100603:1015402,Combo 1,1,24900,True,Combo 1,True
id:900201:2015500,Combo 4,4,89100,True,Combo 4,True
id:900201:2015500,Combo 8,8,174600,False,Combo 4,True
id:900201:2015500,Combo 12,12,256700,False,Combo 4,True
id:900202:2015501,Combo 1,1,23100,True,Combo 1,True
id:900203:2015502,Combo 1,1,23900,True,Combo 1,True
vn:100301:1015600,Combo 1,1,26000,True,Combo 1,True
vn:100302:1015601,Combo 1,1,27000,True,Combo 1,True
vn:100303:1015602,Combo 2,2,55800,True,Combo 2,True
vn:100401:1015700,Combo 1,1,36800,True,Combo 1,True
vn:100402:1015701,Combo 2,2,76400,True,Combo 2,True
vn:100403:1015702,Combo 4,4,158100,True,Combo 4,True
vn:100401:1015800,Combo 2,2,61500,True,Combo 2,True
vn:100402:1015801,Combo 4,4,127600,True,Combo 4,True
vn:100403:1015802,Combo 1,1,33000,True,Combo 1,True
vn:100403:1015802,Combo 2,2,64700,False,Combo 1,True
vn:100403:1015802,Combo 3,3,95100,False,Combo 1,True
vn:100501:1015900,Combo 4,4,117100,True,Combo 4,True
vn:100502:1015901,Combo 1,1,30300,True,Combo 1,True
vn:100502:1015901,Combo 2,2,59400,False,Combo 1,True
vn:100502:1015901,Combo 3,3,87300,False,Combo 1,True
vn:100503:1015902,Combo 1,1,31400,True,Combo 1,True
vn:100501:1016000,Combo 1,1,34800,True,Combo 1,True
vn:100501:1016000,Combo 2,2,68200,False,Combo 1,True
vn:100501:1016000,Combo 3,3,100300,False,Combo 1,True
vn:100502:1016001,Combo 1,1,36000,True,Combo 1,True
vn:100503:1016002,Combo 2,2,74600,True,Combo 2,True
vn:100601:1016100,Combo 1,1,30500,True,Combo 1,True
vn:100602:1016101,Combo 2,2,63100,True,Combo 2,True
vn:100603:1016102,Combo 4,4,130700,True,Combo 4,True
vn:100601:1016200,Combo 2,2,76600,True,Combo 2,True
vn:100602:1016201,Combo 4,4,158800,True,Combo 4,True
vn:100603:1016202,Combo 1,1,41100,True,Combo 1,True
vn:100601:1016300,Combo 4,4,93400,True,Combo 4,True
vn:100602:1016301,Combo 1,1,24200,True,Combo 1,True
vn:100603:1016302,Combo 1,1,25000,True,Combo 1,True
vn:100603:1016302,Combo 2,2,49000,False,Combo 1,True
vn:100603:1016302,Combo 3,3,72000,False,Combo 1,True
vn:100001:1016400,Combo 1,1,51500,True,Combo 1,True
vn:100002:1016401,Combo 1,1,53300,True,Combo 1,True
vn:100002:1016401,Combo 2,2,104500,False,Combo 1,True
vn:100002:1016401,Combo 3,3,153600,False,Combo 1,True
vn:100003:1016402,Combo 2,2,110400,True,Combo 2,True
id:900201:2016500,Combo 1,1,15600,True,Combo 1,True
id:900201:2016500,Combo 2,2,30600,False,Combo 1,True
id:900201:2016500,Combo 3,3,44900,False,Combo 1,True
id:900202:2016501,Combo 2,2,32200,True,Combo 2,True
id:900203:2016502,Combo 4,4,66700,True,Combo 4,True
id:900201:2016600,Combo 2,2,44500,True,Combo 2,True
id:900202:2016601,Combo 4,4,92300,True,Combo 4,True
id:900203:2016602,Combo 1,1,23900,True,Combo 1,True
vn:100401:1016700,Combo 4,4,171600,True,Combo 4,True
vn:100402:1016701,Combo 1,1,44500,True,Combo 1,True
vn:100403:1016702,Combo 1,1,46000,True,Combo 1,True
vn:100601:1016800,Combo 1,1,25800,True,Combo 1,True
vn:100602:1016801,Combo 1,1,26800,True,Combo 1,True
vn:100603:1016802,Combo 2,2,55400,True,Combo 2,True
vn:100603:1016802,Combo 4,4,108600,False,Combo 2,True
vn:100603:1016802,Combo 6,6,159600,False,Combo 2,True
vn:100301:1016900,Combo 1,1,30900,True,Combo 1,True
vn:100302:1016901,Combo 2,2,64100,True,Combo 2,True
vn:100302:1016901,Combo 4,4,125600,False,Combo 2,True
vn:100302:1016901,Combo 6,6,184700,False,Combo 2,True
vn:100303:1016902,Combo 4,4,132700,True,Combo 4,True
vn:100601:1017000,Combo 2,2,60000,True,Combo 2,True
vn:100601:1017000,Combo 4,4,117600,False,Combo 2,True
vn:100601:1017000,Combo 6,6,172900,False,Combo 2,True
vn:100602:1017001,Combo 4,4,124400,True,Combo 4,True
vn:100603:1017002,Combo 1,1,32200,True,Combo 1,True
id:900101:2017100,Combo 4,4,73000,True,Combo 4,True
id:900102:2017101,Combo 1,1,18900,True,Combo 1,True
id:900103:2017102,Combo 1,1,19600,True,Combo 1,True
id:900101:2017200,Combo 1,1,22300,True,Combo 1,True
id:900102:2017201,Combo 1,1,23100,True,Combo 1,True
id:900103:2017202,Combo 2,2,47800,True,Combo 2,True
vn:100501:1017300,Combo 1,1,58700,True,Combo 1,True
vn:100502:1017301,Combo 2,2,121700,True,Combo 2,True
vn:100503:1017302,Combo 4,4,251900,True,Combo 4,True
vn:100503:1017302,Combo 8,8,493700,False,Combo 4,True
vn:100503:1017302,Combo 12,12,725800,False,Combo 4,True
vn:100601:1017400,Combo 2,2,91400,True,Combo 2,True
vn:100602:1017401,Combo 4,4,189400,True,Combo 4,True
vn:100602:1017401,Combo 8,8,371200,False,Combo 4,True
vn:100602:1017401,Combo 12,12,545700,False,Combo 4,True
vn:100603:1017402,Combo 1,1,49000,True,Combo 1,True
id:900701:2017500,Combo 4,4,73000,True,Combo 4,True
id:900701:2017500,Combo 8,8,143100,False,Combo 4,True
id:900701:2017500,Combo 12,12,210300,False,Combo 4,True
id:900702:2017501,Combo 1,1,18900,True,Combo 1,True
id:900703:2017502,Combo 1,1,19600,True,Combo 1,True
id:900201:2017600,Combo 1,1,13800,True,Combo 1,True
id:900202:2017601,Combo 1,1,14300,True,Combo 1,True
id:900203:2017602,Combo 2,2,29600,True,Combo 2,True
vn:100501:1017700,Combo 1,1,46600,True,Combo 1,True
vn:100502:1017701,Combo 2,2,96600,True,Combo 2,True
vn:100503:1017702,Combo 4,4,200100,True,Combo 4,True
id:900701:2017800,Combo 2,2,44500,True,Combo 2,True
id:900702:2017801,Combo 4,4,92300,True,Combo 4,True
id:900703:2017802,Combo 1,1,23900,True,Combo 1,True
id:900703:2017802,Combo 2,2,46800,False,Combo 1,True
id:900703:2017802,Combo 3,3,68900,False,Combo 1,True
vn:100401:1017900,Combo 4,4,175100,True,Combo 4,True
vn:100402:1017901,Combo 1,1,45400,True,Combo 1,True
vn:100402:1017901,Combo 2,2,89000,False,Combo 1,True
vn:100402:1017901,Combo 3,3,130800,False,Combo 1,True
vn:100403:1017902,Combo 1,1,47000,True,Combo 1,True
vn:100601:1018000,Combo 1,1,29600,True,Combo 1,True
vn:100601:1018000,Combo 2,2,58000,False,Combo 1,True
vn:100601:1018000,Combo 3,3,85300,False,Combo 1,True
vn:100602:1018001,Combo 1,1,30700,True,Combo 1,True
vn:100603:1018002,Combo 2,2,63600,True,Combo 2,True
vn:100601:1018100,Combo 1,1,28700,True,Combo 1,True
vn:100602:1018101,Combo 2,2,59500,True,Combo 2,True
vn:100603:1018102,Combo 4,4,123300,True,Combo 4,True
vn:100001:1018200,Combo 2,2,86200,True,Combo 2,True
vn:100002:1018201,Combo 4,4,178700,True,Combo 4,True
vn:100003:1018202,Combo 1,1,46200,True,Combo 1,True
vn:100301:1018300,Combo 4,4,175900,True,Combo 4,True
vn:100302:1018301,Combo 1,1,45600,True,Combo 1,True
vn:100303:1018302,Combo 1,1,47200,True,Combo 1,True
vn:100303:1018302,Combo 2,2,92500,False,Combo 1,True
vn:100303:1018302,Combo 3,3,136000,False,Combo 1,True
vn:100601:1018400,Combo 1,1,28500,True,Combo 1,True
vn:100602:1018401,Combo 1,1,29600,True,Combo 1,True
vn:100602:1018401,Combo 2,2,58000,False,Combo 1,True
vn:100602:1018401,Combo 3,3,85300,False,Combo 1,True
vn:100603:1018402,Combo 2,2,61200,True,Combo 2,True
id:900201:2018500,Combo 1,1,15600,True,Combo 1,True
id:900201:2018500,Combo 2,2,30600,False,Combo 1,True
id:900201:2018500,Combo 3,3,44900,False,Combo 1,True
id:900202:2018501,Combo 2,2,32200,True,Combo 2,True
id:900203:2018502,Combo 4,4,66700,True,Combo 4,True
id:900101:2018600,Combo 2,2,44500,True,Combo 2,True
id:900102:2018601,Combo 4,4,92300,True,Combo 4,True
id:900103:2018602,Combo 1,1,23900,True,Combo 1,True
id:900101:2018700,Combo 4,4,99800,True,Combo 4,True
id:900102:2018701,Combo 1,1,25900,True,Combo 1,True
id:900103:2018702,Combo 1,1,26800,True,Combo 1,True
vn:100001:1018800,Combo 1,1,43700,True,Combo 1,True
vn:100002:1018801,Combo 1,1,45300,True,Combo 1,True
vn:100003:1018802,Combo 2,2,93700,True,Combo 2,True
vn:100003:1018802,Combo 4,4,183700,False,Combo 2,True
vn:100003:1018802,Combo 6,6,270000,False,Combo 2,True
vn:100601:1018900,Combo 1,1,27000,True,Combo 1,True
vn:100602:1018901,Combo 2,2,56000,True,Combo 2,True
vn:100602:1018901,Combo 4,4,109800,False,Combo 2,True
vn:100602:1018901,Combo 6,6,161300,False,Combo 2,True
vn:100603:1018902,Combo 4,4,115900,True,Combo 4,True
id:900201:2019000,Combo 2,2,44500,True,Combo 2,True
id:900201:2019000,Combo 4,4,87200,False,Combo 2,True
id:900201:2019000,Combo 6,6,128200,False,Combo 2,True
id:900202:2019001,Combo 4,4,92300,True,Combo 4,True
id:900203:2019002,Combo 1,1,23900,True,Combo 1,True
vn:100001:1019100,Combo 4,4,185100,True,Combo 4,True
vn:100002:1019101,Combo 1,1,48000,True,Combo 1,True
vn:100003:1019102,Combo 1,1,49600,True,Combo 1,True
id:900101:2019200,Combo 1,1,18200,True,Combo 1,True
id:900102:2019201,Combo 1,1,18900,True,Combo 1,True
id:900103:2019202,Combo 2,2,39100,True,Combo 2,True
vn:100301:1019300,Combo 1,1,32700,True,Combo 1,True
vn:100302:1019301,Combo 2,2,67700,True,Combo 2,True
vn:100303:1019302,Combo 4,4,140200,True,Combo 4,True
vn:100303:1019302,Combo 8,8,274800,False,Combo 4,True
vn:100303:1019302,Combo 12,12,403900,False,Combo 4,True
id:900101:2019400,Combo 2,2,49900,True,Combo 2,True
id:900102:2019401,Combo 4,4,103500,True,Combo 4,True
id:900102:2019401,Combo 8,8,202900,False,Combo 4,True
id:900102:2019401,Combo 12,12,298200,False,Combo 4,True
id:900103:2019402,Combo 1,1,26800,True,Combo 1,True
vn:100301:1019500,Combo 4,4,168200,True,Combo 4,True
vn:100301:1019500,Combo 8,8,329700,False,Combo 4,True
vn:100301:1019500,Combo 12,12,484600,False,Combo 4,True
vn:100302:1019501,Combo 1,1,43600,True,Combo 1,True
vn:100303:1019502,Combo 1,1,45100,True,Combo 1,True
vn:100601:1019600,Combo 1,1,33000,True,Combo 1,True
vn:100602:1019601,Combo 1,1,34300,True,Combo 1,True
vn:100603:1019602,Combo 2,2,70900,True,Combo 2,True
vn:100501:1019700,Combo 1,1,33600,True,Combo 1,True
vn:100502:1019701,Combo 2,2,69600,True,Combo 2,True
vn:100503:1019702,Combo 4,4,144100,True,Combo 4,True
vn:100601:1019800,Combo 2,2,62800,True,Combo 2,True
vn:100602:1019801,Combo 4,4,130100,True,Combo 4,True
vn:100603:1019802,Combo 1,1,33700,True,Combo 1,True
vn:100603:1019802,Combo 2,2,66100,False,Combo 1,True
vn:100603:1019802,Combo 3,3,97100,False,Combo 1,True
vn:100601:1019900,Combo 4,4,106200,True,Combo 4,True
vn:100602:1019901,Combo 1,1,27500,True,Combo 1,True
vn:100602:1019901,Combo 2,2,53900,False,Combo 1,True
vn:100602:1019901,Combo 3,3,79200,False,Combo 1,True
vn:100603:1019902,Combo 1,1,28500,True,Combo 1,True
id:900201:2020000,Combo 1,1,18200,True,Combo 1,True
id:900201:2020000,Combo 2,2,35700,False,Combo 1,True
id:900201:2020000,Combo 3,3,52400,False,Combo 1,True
id:900202:2020001,Combo 1,1,18900,True,Combo 1,True
id:900203:2020002,Combo 2,2,39100,True,Combo 2,True
vn:100601:1020100,Combo 1,1,34000,True,Combo 1,True
vn:100602:1020101,Combo 2,2,70400,True,Combo 2,True
vn:100603:1020102,Combo 4,4,145800,True,Combo 4,True
id:900101:2020200,Combo 2,2,49900,True,Combo 2,True
id:900102:2020201,Combo 4,4,103500,True,Combo 4,True
id:900103:2020202,Combo 1,1,26800,True,Combo 1,True
id:900701:2020300,Combo 4,4,89100,True,Combo 4,True
id:900702:2020301,Combo 1,1,23100,True,Combo 1,True
id:900703:2020302,Combo 1,1,23900,True,Combo 1,True
id:900703:2020302,Combo 2,2,46800,False,Combo 1,True
id:900703:2020302,Combo 3,3,68900,False,Combo 1,True
vn:100301:1020400,Combo 1,1,32700,True,Combo 1,True
vn:100302:1020401,Combo 1,1,33800,True,Combo 1,True
vn:100302:1020401,Combo 2,2,66200,False,Combo 1,True
vn:100302:1020401,Combo 3,3,97400,False,Combo 1,True
vn:100303:1020402,Combo 2,2,70100,True,Combo 2,True
vn:100601:1020500,Combo 1,1,37400,True,Combo 1,True
vn:100601:1020500,Combo 2,2,73300,False,Combo 1,True
vn:100601:1020500,Combo 3,3,107800,False,Combo 1,True
vn:100602:1020501,Combo 2,2,77600,True,Combo 2,True
vn:100603:1020502,Combo 4,4,160700,True,Combo 4,True
id:900201:2020600,Combo 2,2,36500,True,Combo 2,True
id:900202:2020601,Combo 4,4,75600,True,Combo 4,True
id:900203:2020602,Combo 1,1,19600,True,Combo 1,True
id:900201:2020700,Combo 4,4,73000,True,Combo 4,True
id:900202:2020701,Combo 1,1,18900,True,Combo 1,True
id:900203:2020702,Combo 1,1,19600,True,Combo 1,True
vn:100301:1020800,Combo 1,1,46600,True,Combo 1,True
vn:100302:1020801,Combo 1,1,48300,True,Combo 1,True
vn:100303:1020802,Combo 2,2,99900,True,Combo 2,True
vn:100303:1020802,Combo 4,4,195800,False,Combo 2,True
vn:100303:1020802,Combo 6,6,287800,False,Combo 2,True
vn:100401:1020900,Combo 1,1,34200,True,Combo 1,True
vn:100402:1020901,Combo 2,2,71000,True,Combo 2,True
vn:100402:1020901,Combo 4,4,139200,False,Combo 2,True
vn:100402:1020901,Combo 6,6,204600,False,Combo 2,True
vn:100403:1020902,Combo 4,4,147000,True,Combo 4,True
vn:100601:1021000,Combo 2,2,59000,True,Combo 2,True
vn:100601:1021000,Combo 4,4,115600,False,Combo 2,True
vn:100601:1021000,Combo 6,6,170000,False,Combo 2,True
vn:100602:1021001,Combo 4,4,122200,True,Combo 4,True
vn:100603:1021002,Combo 1,1,31600,True,Combo 1,True
id:900201:2021100,Combo 4,4,62200,True,Combo 4,True
id:900202:2021101,Combo 1,1,16100,True,Combo 1,True
id:900203:2021102,Combo 1,1,16700,True,Combo 1,True
vn:100601:1021200,Combo 1,1,27000,True,Combo 1,True
vn:100602:1021201,Combo 1,1,28000,True,Combo 1,True
vn:100603:1021202,Combo 2,2,57900,True,Combo 2,True
vn:100601:1021300,Combo 1,1,34800,True,Combo 1,True
vn:100602:1021301,Combo 2,2,72200,True,Combo 2,True
vn:100603:1021302,Combo 4,4,149600,True,Combo 4,True
vn:100603:1021302,Combo 8,8,293200,False,Combo 4,True
vn:100603:1021302,Combo 12,12,431000,False,Combo 4,True
vn:100601:1021400,Combo 2,2,55100,True,Combo 2,True
vn:100602:1021401,Combo 4,4,114200,True,Combo 4,True
vn:100602:1021401,Combo 8,8,223800,False,Combo 4,True
vn:100602:1021401,Combo 12,12,329000,False,Combo 4,True
vn:100603:1021402,Combo 1,1,29600,True,Combo 1,True
id:900701:2021500,Combo 4,4,89100,True,Combo 4,True
id:900701:2021500,Combo 8,8,174600,False,Combo 4,True
id:900701:2021500,Combo 12,12,256700,False,Combo 4,True
id:900702:2021501,Combo 1,1,23100,True,Combo 1,True
id:900703:2021502,Combo 1,1,23900,True,Combo 1,True
vn:100601:1021600,Combo 1,1,40700,True,Combo 1,True
vn:100602:1021601,Combo 1,1,42200,True,Combo 1,True
vn:100603:1021602,Combo 2,2,87300,True,Combo 2,True
vn:100601:1021700,Combo 1,1,32200,True,Combo 1,True
vn:100602:1021701,Combo 2,2,66700,True,Combo 2,True
vn:100603:1021702,Combo 4,4,138100,True,Combo 4,True
id:900201:2021800,Combo 2,2,31100,True,Combo 2,True
id:900202:2021801,Combo 4,4,64500,True,Combo 4,True
id:900203:2021802,Combo 1,1,16700,True,Combo 1,True
id:900203:2021802,Combo 2,2,32700,False,Combo 1,True
id:900203:2021802,Combo 3,3,48100,False,Combo 1,True
id:900701:2021900,Combo 4,4,62200,True,Combo 4,True
id:900702:2021901,Combo 1,1,16100,True,Combo 1,True
id:900702:2021901,Combo 2,2,31600,False,Combo 1,True
id:900702:2021901,Combo 3,3,46400,False,Combo 1,True
id:900703:2021902,Combo 1,1,16700,True,Combo 1,True
id:900701:2022000,Combo 1,1,18200,True,Combo 1,True
id:900701:2022000,Combo 2,2,35700,False,Combo 1,True
id:900701:2022000,Combo 3,3,52400,False,Combo 1,True
id:900702:2022001,Combo 1,1,18900,True,Combo 1,True
id:900703:2022002,Combo 2,2,39100,True,Combo 2,True
vn:100401:1022100,Combo 1,1,28200,True,Combo 1,True
vn:100402:1022101,Combo 2,2,58400,True,Combo 2,True
vn:100403:1022102,Combo 4,4,120900,True,Combo 4,True
id:900701:2022200,Combo 2,2,31100,True,Combo 2,True
id:900702:2022201,Combo 4,4,64500,True,Combo 4,True
id:900703:2022202,Combo 1,1,16700,True,Combo 1,True
vn:100601:1022300,Combo 4,4,155200,True,Combo 4,True
vn:100602:1022301,Combo 1,1,40200,True,Combo 1,True
vn:100603:1022302,Combo 1,1,41600,True,Combo 1,True
vn:100603:1022302,Combo 2,2,81500,False,Combo 1,True
vn:100603:1022302,Combo 3,3,119900,False,Combo 1,True
vn:100001:1022400,Combo 1,1,31600,True,Combo 1,True
vn:100002:1022401,Combo 1,1,32700,True,Combo 1,True
vn:100002:1022401,Combo 2,2,64100,False,Combo 1,True
vn:100002:1022401,Combo 3,3,94200,False,Combo 1,True
vn:100003:1022402,Combo 2,2,67800,True,Combo 2,True
vn:100601:1022500,Combo 1,1,28700,True,Combo 1,True
vn:100601:1022500,Combo 2,2,56300,False,Combo 1,True
vn:100601:1022500,Combo 3,3,82700,False,Combo 1,True
vn:100602:1022501,Combo 2,2,59500,True,Combo 2,True
vn:100603:1022502,Combo 4,4,123300,True,Combo 4,True
id:900201:2022600,Combo 2,2,27600,True,Combo 2,True
id:900202:2022601,Combo 4,4,57200,True,Combo 4,True
id:900203:2022602,Combo 1,1,14800,True,Combo 1,True
vn:100301:1022700,Combo 4,4,164800,True,Combo 4,True
vn:100302:1022701,Combo 1,1,42700,True,Combo 1,True
vn:100303:1022702,Combo 1,1,44200,True,Combo 1,True
vn:100601:1022800,Combo 1,1,38300,True,Combo 1,True
vn:100602:1022801,Combo 1,1,39700,True,Combo 1,True
vn:100603:1022802,Combo 2,2,82200,True,Combo 2,True
vn:100603:1022802,Combo 4,4,161100,False,Combo 2,True
vn:100603:1022802,Combo 6,6,236800,False,Combo 2,True
vn:100601:1022900,Combo 1,1,31000,True,Combo 1,True
vn:100602:1022901,Combo 2,2,64300,True,Combo 2,True
vn:100602:1022901,Combo 4,4,126000,False,Combo 2,True
vn:100602:1022901,Combo 6,6,185300,False,Combo 2,True
vn:100603:1022902,Combo 4,4,133100,True,Combo 4,True
vn:100601:1023000,Combo 2,2,89700,True,Combo 2,True
vn:100601:1023000,Combo 4,4,175800,False,Combo 2,True
vn:100601:1023000,Combo 6,6,258400,False,Combo 2,True
vn:100602:1023001,Combo 4,4,185900,True,Combo 4,True
vn:100603:1023002,Combo 1,1,48100,True,Combo 1,True
vn:100601:1023100,Combo 4,4,151700,True,Combo 4,True
vn:100602:1023101,Combo 1,1,39300,True,Combo 1,True
vn:100603:1023102,Combo 1,1,40700,True,Combo 1,True
vn:100601:1023200,Combo 1,1,37100,True,Combo 1,True
vn:100602:1023201,Combo 1,1,38400,True,Combo 1,True
vn:100603:1023202,Combo 2,2,79500,True,Combo 2,True
vn:100601:1023300,Combo 1,1,30300,True,Combo 1,True
vn:100602:1023301,Combo 2,2,62900,True,Combo 2,True
vn:100603:1023302,Combo 4,4,130200,True,Combo 4,True
vn:100603:1023302,Combo 8,8,255200,False,Combo 4,True
vn:100603:1023302,Combo 12,12,375100,False,Combo 4,True
id:900201:2023400,Combo 2,2,36500,True,Combo 2,True
id:900202:2023401,Combo 4,4,75600,True,Combo 4,True
id:900202:2023401,Combo 8,8,148200,False,Combo 4,True
id:900202:2023401,Combo 12,12,217800,False,Combo 4,True
id:900203:2023402,Combo 1,1,19600,True,Combo 1,True
vn:100001:1023500,Combo 4,4,165500,True,Combo 4,True
vn:100001:1023500,Combo 8,8,324400,False,Combo 4,True
vn:100001:1023500,Combo 12,12,476800,False,Combo 4,True
vn:100002:1023501,Combo 1,1,42900,True,Combo 1,True
vn:100003:1023502,Combo 1,1,44400,True,Combo 1,True
vn:100601:1023600,Combo 1,1,19900,True,Combo 1,True
vn:100602:1023601,Combo 1,1,20600,True,Combo 1,True
vn:100603:1023602,Combo 2,2,42700,True,Combo 2,True
id:900101:2023700,Combo 1,1,22300,True,Combo 1,True
id:900102:2023701,Combo 2,2,46200,True,Combo 2,True
id:900103:2023702,Combo 4,4,95600,True,Combo 4,True
vn:100401:1023800,Combo 2,2,66700,True,Combo 2,True
vn:100402:1023801,Combo 4,4,138300,True,Combo 4,True
vn:100403:1023802,Combo 1,1,35800,True,Combo 1,True
vn:100403:1023802,Combo 2,2,70200,False,Combo 1,True
vn:100403:1023802,Combo 3,3,103100,False,Combo 1,True
vn:100301:1023900,Combo 4,4,211600,True,Combo 4,True
vn:100302:1023901,Combo 1,1,54800,True,Combo 1,True
vn:100302:1023901,Combo 2,2,107400,False,Combo 1,True
vn:100302:1023901,Combo 3,3,157900,False,Combo 1,True
vn:100303:1023902,Combo 1,1,56800,True,Combo 1,True
id:900201:2024000,Combo 1,1,13800,True,Combo 1,True
id:900201:2024000,Combo 2,2,27000,False,Combo 1,True
id:900201:2024000,Combo 3,3,39800,False,Combo 1,True
id:900202:2024001,Combo 1,1,14300,True,Combo 1,True
id:900203:2024002,Combo 2,2,29600,True,Combo 2,True
vn:100601:1024100,Combo 1,1,30200,True,Combo 1,True
vn:100602:1024101,Combo 2,2,62700,True,Combo 2,True
vn:100603:1024102,Combo 4,4,129800,True,Combo 4,True
vn:100601:1024200,Combo 2,2,69300,True,Combo 2,True
vn:100602:1024201,Combo 4,4,143700,True,Combo 4,True
vn:100603:1024202,Combo 1,1,37200,True,Combo 1,True
vn:100301:1024300,Combo 4,4,122500,True,Combo 4,True
vn:100302:1024301,Combo 1,1,31700,True,Combo 1,True
vn:100303:1024302,Combo 1,1,32900,True,Combo 1,True
vn:100303:1024302,Combo 2,2,64500,False,Combo 1,True
vn:100303:1024302,Combo 3,3,94800,False,Combo 1,True
vn:100601:1024400,Combo 1,1,30300,True,Combo 1,True
vn:100602:1024401,Combo 1,1,31500,True,Combo 1,True
vn:100602:1024401,Combo 2,2,61700,False,Combo 1,True
vn:100602:1024401,Combo 3,3,90800,False,Combo 1,True
vn:100603:1024402,Combo 2,2,65100,True,Combo 2,True
vn:100501:1024500,Combo 1,1,32200,True,Combo 1,True
vn:100501:1024500,Combo 2,2,63100,False,Combo 1,True
vn:100501:1024500,Combo 3,3,92800,False,Combo 1,True
vn:100502:1024501,Combo 2,2,66700,True,Combo 2,True
vn:100503:1024502,Combo 4,4,138100,True,Combo 4,True
vn:100401:1024600,Combo 2,2,89300,True,Combo 2,True
vn:100402:1024601,Combo 4,4,185100,True,Combo 4,True
vn:100403:1024602,Combo 1,1,47900,True,Combo 1,True
vn:100601:1024700,Combo 4,4,129800,True,Combo 4,True
vn:100602:1024701,Combo 1,1,33600,True,Combo 1,True
vn:100603:1024702,Combo 1,1,34800,True,Combo 1,True
id:900701:2024800,Combo 1,1,15600,True,Combo 1,True
id:900702:2024801,Combo 1,1,16100,True,Combo 1,True
id:900703:2024802,Combo 2,2,33400,True,Combo 2,True
id:900703:2024802,Combo 4,4,65500,False,Combo 2,True
id:900703:2024802,Combo 6,6,96200,False,Combo 2,True
vn:100301:1024900,Combo 1,1,52000,True,Combo 1,True
vn:100302:1024901,Combo 2,2,107900,True,Combo 2,True
vn:100302:1024901,Combo 4,4,211500,False,Combo 2,True
vn:100302:1024901,Combo 6,6,310900,False,Combo 2,True
vn:100303:1024902,Combo 4,4,223400,True,Combo 4,True
vn:100601:1025000,Combo 2,2,57000,True,Combo 2,True
vn:100601:1025000,Combo 4,4,111700,False,Combo 2,True
vn:100601:1025000,Combo 6,6,164200,False,Combo 2,True
vn:100602:1025001,Combo 4,4,118200,True,Combo 4,True
vn:100603:1025002,Combo 1,1,30600,True,Combo 1,True
